title,unit_price,description,date_updated
Propel Sport Drink,55,"Revision of Infusion Device in Lumsac Disc, Perc Approach",05/03/2021
Beer - Rickards Red,11,"Supplement Left Basilic Vein with Autol Sub, Open Approach",18/07/2021
"Club Soda - Schweppes, 355 Ml",22,"Irrigation of Indwell Dev using Irrigat, Extern Approach",10/12/2021
Muffin Mix - Blueberry,74,"Release Nasal Turbinate, Percutaneous Endoscopic Approach",19/06/2021
Cheese - Grana Padano,19,"Reattachment of Bladder Neck, Open Approach",03/04/2021
Cheese - Mozzarella,68,"Drainage of Thymus, Percutaneous Endoscopic Approach, Diagn",30/04/2021
Anchovy Paste - 56 G Tube,42,"Occlusion L Hypogast Vein w Extralum Dev, Open",16/02/2021
"Yogurt - Raspberry, 175 Gr",83,"Dilate of R Thyroid Art with 3 Drug-elut, Perc Endo Approach",10/08/2021
Cookies - Fortune,24,Plain Radiography of Right Wrist using Low Osmolar Contrast,23/03/2021
Extract - Raspberry,15,"Reattachment of Right Upper Leg Tendon, Open Approach",26/05/2021
Soup - Campbells Asian Noodle,16,"Restrict of L Up Lobe Bronc with Extralum Dev, Perc Approach",30/12/2021
Magnotta Bel Paese Red,3,"Excision of Right Hand Vein, Percutaneous Approach, Diagn",08/12/2021
Wine - Pinot Grigio Collavini,97,"Remove Infusion Dev from R Metatarsotars Jt, Perc Endo",03/02/2022
Sauce - Vodka Blush,92,"Replacement of Left Radius with Autol Sub, Open Approach",20/08/2021
Tomatoes,66,"Replace R Temporal Bone w Autol Sub, Perc Endo",09/12/2021
Onion Powder,86,"Insertion of Ext Fix into R Ulna, Open Approach",02/12/2021
Wine - Ruffino Chianti Classico,61,"Repair Right Hand, Open Approach",26/05/2021
Glucose,37,"Dilation of L Popl Art with 4+ Intralum Dev, Perc Approach",29/04/2021
Breakfast Quesadillas,93,"Release Greater Omentum, Open Approach",22/02/2021
Creamers - 10%,5,"Restrict Esophagast Junct w Intralum Dev, Perc",12/10/2021
Cheese - Goat With Herbs,32,"Insert of Intralum Dev into L Less Saphenous, Open Approach",26/08/2021
The Pop Shoppe - Lime Rickey,90,"Introduce Electrol/Water Bal in Fem Reprod, Perc",18/10/2021
Cheese - Ricotta,64,"Drainage of Sternum with Drainage Device, Open Approach",21/05/2021
Muffin - Mix - Creme Brule 15l,66,"Repair Vagina, Via Natural or Artificial Opening",12/02/2021
Oysters - Smoked,62,"Excision of Right Renal Artery, Perc Endo Approach",08/05/2021
Mountain Dew,33,"Revision of Spacer in Right Tarsal Joint, Open Approach",04/05/2021
"Rum - Coconut, Malibu",42,"Occlusion of Left Cephalic Vein, Percutaneous Approach",13/02/2021
Bay Leaf,57,"Transfer Abducen Nrv to Glossophar Nrv, Perc Endo Approach",30/12/2021
Smoked Paprika,13,"Insertion of Ring Ext Fix into L Femur Shaft, Perc Approach",10/06/2021
Bread - Italian Sesame Poly,22,"Drainage of Trachea, Percutaneous Approach",03/07/2021
Boogies,13,"Extirpation of Matter from Pancreas, Percutaneous Approach",06/06/2021
Turnip - White,58,"Bypass Cereb Vent to Atrium with Autol Sub, Open Approach",09/09/2021
Soup Campbells - Tomato Bisque,28,"Drainage of R Abd Bursa/Lig with Drain Dev, Open Approach",25/02/2021
Celery Root,60,"Bypass Innom Art to Bi Low Leg Art w Synth Sub, Open",13/02/2021
"Pork - Tenderloin, Frozen",6,"Change Other Device in Male Perineum, External Approach",13/07/2021
Buffalo - Short Rib Fresh,65,"Drainage of Left Thorax Muscle, Percutaneous Approach",13/02/2021
Chickensplit Half,8,"Reposition Products of Conception, Ectopic, Open Approach",20/05/2021
Duck - Legs,100,"Revision of Intbd Fus Dev in C-thor Jt, Open Approach",28/12/2021
Bread - Raisin,29,"Repair Left Fallopian Tube, Endo",01/01/2022
Wine - Domaine Boyar Royal,84,"Repair Left Thorax Bursa and Ligament, Open Approach",13/05/2021
Trout - Smoked,72,"Excision of Male Perineum, Percutaneous Endoscopic Approach",09/12/2021
"Bread - Bagels, Plain",48,"Bypass L Ext Iliac Art to L Ext Ilia, Open Approach",26/09/2021
"Beans - Kidney, Canned",61,"Supplement R Colic Art with Synth Sub, Perc Endo Approach",18/04/2021
Filo Dough,53,"Transplantation of Eye into POC, Perc Endo Approach",05/09/2021
Water - Green Tea Refresher,71,"Dilate of Low Art, Bifurc, with Intralum Dev, Open Approach",07/09/2021
Potatoes - Parissienne,97,"Dilation of L Ulnar Art with 3 Intralum Dev, Perc Approach",06/05/2021
Tomatoes Tear Drop Yellow,40,"Removal of Infusion Dev from Periton Cav, Perc Endo Approach",12/09/2021
"Cheese - Brie, Triple Creme",91,Computerized Tomography (CT Scan) of Right Kidney,06/10/2021
"Trout - Rainbow, Frozen",24,"Repair Pulmonary Trunk, Percutaneous Endoscopic Approach",24/11/2021
Pate - Cognac,4,"Excision of T-lum Jt, Perc Approach, Diagn",12/12/2021
Carbonated Water - Blackberry,50,"Bypass L Vas Deferens to L Vas Def w Autol Sub, Open",12/03/2021
Crab - Meat,13,"Bypass R Int Iliac Art to L Femor A w Autol Vn, Open",19/02/2021
Capon - Whole,92,"Release Cystic Duct, Via Natural or Artificial Opening",14/07/2021
"Corn - Cream, Canned",5,"Extirpation of Matter from Left Ureter, Via Opening",16/05/2021
Ecolab - Power Fusion,93,"Revision of Drainage Device in Testis, Open Approach",30/11/2021
Shrimp - 31/40,25,"Dilation of L Verteb Art with 2 Drug-elut, Open Approach",06/06/2021
Tomatoes,93,Fluoroscopy of L Low Extrem Art using Oth Contrast,06/11/2021
Shichimi Togarashi Peppeers,8,"Excision of Right Vocal Cord, Via Opening, Diagn",08/01/2022
"Lamb - Loin, Trimmed, Boneless",28,"Insert of Limb Length Dev into L Radius, Perc Endo Approach",17/04/2021
Bar Mix - Lemon,19,Beam Radiation of Leg Skin using Heavy Particles,23/07/2021
Curry Paste - Madras,77,LDR Brachytherapy of Chest using Californium 252,09/10/2021
Squid Ink,39,Fluoroscopy of Thoracic Aorta,25/11/2021
Tea - Lemon Green Tea,70,"Bypass R Ant Chamber to Sclera with Synth Sub, Perc Approach",13/12/2021
Oneshot Automatic Soap System,33,"Occlusion of Low Art with Extralum Dev, Perc Endo Approach",09/08/2021
"Cheese - Havarti, Roasted Garlic",99,"Extirpate of Matter from L Hand Subcu/Fascia, Perc Approach",06/11/2021
Avocado,45,"Release Left Lacrimal Bone, Open Approach",14/12/2021
Cheese - Gorgonzola,76,"Drainage of Right Fallopian Tube, Via Opening",23/02/2021
Chicken - Wieners,74,"Drainage of Right Seminal Vesicle, Perc Approach, Diagn",26/12/2021
Shrimp - Black Tiger 16/20,14,CT Scan of Mandible using Oth Contrast,20/11/2021
Spic And Span All Purpose,36,"Repair Right Upper Eyelid, External Approach",09/12/2021
Bar Special K,6,"Extirpation of Matter from 4+ Cor Art, Open Approach",13/05/2021
Country Roll,55,"Fragmentation in Large Intestine, Percutaneous Approach",25/09/2021
Puree - Blackcurrant,80,"Revision of Drain Dev in Prostate/Seminal Ves, Perc Approach",16/01/2022
Wine - Marlbourough Sauv Blanc,55,"Drainage of Right Popliteal Artery, Open Approach, Diagn",20/05/2021
Sea Bass - Whole,36,"Occlusion of R Brach Art with Intralum Dev, Open Approach",19/06/2021
Chips Potato Swt Chilli Sour,31,"Extraction of Left Hip Bursa and Ligament, Perc Approach",03/09/2021
Wine - Champagne Brut Veuve,24,"Drainage of R Verteb Vein with Drain Dev, Perc Endo Approach",10/07/2021
Quail - Jumbo Boneless,58,"Removal of Radioact Elem from Peritoneum, Open Approach",09/12/2021
Ecolab - Hobart Upr Prewash Arm,89,"Replacement of R Renal Vein with Nonaut Sub, Open Approach",10/07/2021
"Sole - Dover, Whole, Fresh",35,"Revision of Neuro Lead in L Innom Vein, Perc Approach",06/12/2021
Wine - Sake,85,"Drainage of Occipital-cervical Joint, Open Approach, Diagn",01/02/2022
Radish,99,"Supplement Scrotum with Nonaut Sub, Extern Approach",18/12/2021
Trout Rainbow Whole,35,"Reattachment of L Thorax Bursa/Lig, Open Approach",31/03/2021
Sauce - Plum,69,"Revision of Autol Sub in Vagina & Cul-de-sac, Perc Approach",30/10/2021
Island Oasis - Raspberry,38,"Dilation of Urethra with Intraluminal Device, Perc Approach",29/06/2021
Napkin White - Starched,57,"Revision of Autol Sub in L Extraoc Muscle, Perc Approach",26/02/2021
Salmon - Canned,28,"Extirpate of Matter from L Adrenal Gland, Perc Endo Approach",25/07/2021
Godiva White Chocolate,68,"Restriction of L Hand Art with Intralum Dev, Open Approach",06/03/2021
Quinoa,66,"Release Cervicothoracic Vertebral Disc, Perc Endo Approach",25/03/2021
"Bread - White, Sliced",85,"Destruction of L Hand Bursa/Lig, Perc Endo Approach",24/11/2021
Water - Spring Water 500ml,27,"Monitoring of POC, Cardiac Rate, Extern Approach",20/04/2021
Dc - Sakura Fu,22,"Drain L Low Arm & Wrist Muscle w Drain Dev, Perc",07/12/2021
Paste - Black Olive,59,"Release Left Upper Leg Muscle, External Approach",25/10/2021
Glass Clear 8 Oz,45,"Revision of Synthetic Substitute in Testis, Endo",02/12/2021
Clams - Canned,4,"Excision of Right Shoulder Region, Open Approach",05/07/2021
"Crab - Blue, Frozen",83,"Drainage of Inf Mesent Art with Drain Dev, Perc Approach",13/06/2021
Pepper - Cubanelle,17,"Drainage of R Pleural Cav with Drain Dev, Perc Approach",30/01/2022
Squeeze Bottle,71,"Removal of Synth Sub from Face, Perc Endo Approach",31/07/2021
"Cheese - Mozzarella, Shredded",79,"Extirpation of Matter from Left Carpal, Perc Endo Approach",22/12/2021
Turkey Tenderloin Frozen,7,"Inspection of Right Sternoclavicular Joint, Perc Approach",11/07/2021
Oil - Margarine,73,"Replacement of Upper Lip with Synth Sub, Open Approach",03/10/2021
Aspic - Amber,88,"Dilate L Fem Art, Bifurc, w 3 Intralum Dev, Open",30/03/2021
"Bread - Bagels, Mini",81,"Excision of Abdominal Wall, Stoma, External Approach",07/08/2021
"Beef - Tongue, Fresh",41,"Removal of Int Fix from L Acetabulum, Extern Approach",28/12/2021
Bread - Hot Dog Buns,41,"Dilate of R Thyroid Art with 4+ Intralum Dev, Open Approach",08/07/2021
Cup Translucent 9 Oz,78,"Removal of Autol Sub from Ureter, Perc Endo Approach",31/08/2021
Rosemary - Dry,37,"Insert of Infusion Dev into L Elbow Jt, Perc Endo Approach",19/07/2021
Spice - Paprika,76,Planar Nucl Med Imag of Chest & Abd using Thallium 201,21/05/2021
Poppy Seed,90,"Release Thorax Lymphatic, Open Approach",15/02/2021
"Liqueur Banana, Ramazzotti",30,"Drainage of Left Upper Leg Tendon, Open Approach",02/07/2021
Calypso - Lemonade,61,"Supplement R Sternoclav Jt w Autol Sub, Perc Endo",16/10/2021
Wine - Pinot Noir Mondavi Coastal,61,"Replace L Up Leg Tendon w Autol Sub, Perc Endo",19/10/2021
Cherries - Fresh,51,"Occlusion Hepatic Art w Extralum Dev, Perc Endo",18/01/2022
Seedlings - Clamshell,88,"Revision of Synth Sub in L Extraoc Muscle, Open Approach",19/01/2022
"Butter - Salted, Micro",65,"Dilation of Right Internal Iliac Artery, Perc Approach",24/10/2021
Cheese - Oka,59,"Control Bleeding in Male Perineum, Perc Endo Approach",30/04/2021
Wine - Guy Sage Touraine,75,"Removal of Infusion Device from Testis, Endo",30/05/2021
Dried Apple,73,"Removal of Neuro Lead from L Innom Vein, Perc Approach",03/04/2021
Nori Sea Weed,69,"Release Right Internal Mammary Artery, Perc Endo Approach",13/07/2021
Honey - Liquid,26,"Dilation of Innom Art with 4+ Intralum Dev, Open Approach",13/08/2021
Salt And Pepper Mix - White,85,"Dilation of L Axilla Art with 2 Intralum Dev, Perc Approach",22/12/2021
"Bread - Multigrain, Loaf",16,"Excision of Left Foot Tendon, Percutaneous Approach, Diagn",26/02/2021
Wine - Fino Tio Pepe Gonzalez,29,"Repair Femoral Nerve, Percutaneous Endoscopic Approach",30/08/2021
Puree - Kiwi,57,"Reposition Left Lesser Saphenous Vein, Percutaneous Approach",31/10/2021
Appetizer - Southwestern,37,Immobilization of Left Lower Extremity using Splint,22/07/2021
"Beef - Tenderlion, Center Cut",23,"Exercise Trmt Resp Head, Neck w Mech/Electromech Equip",27/01/2022
Eel - Smoked,64,"Replace R Ethmoid Bone w Nonaut Sub, Perc Endo",11/06/2021
Lamb Rack - Ontario,43,"Drain R Low Arm Subcu/Fascia w Drain Dev, Open",31/01/2022
Scallops - U - 10,67,"Release Right Foot Skin, External Approach",03/12/2021
Ecolab - Mikroklene 4/4 L,13,"Drainage of Right Foot with Drainage Device, Open Approach",30/03/2021
Pineapple - Golden,85,"Revision of Synth Sub in Cisterna Chyli, Perc Endo Approach",15/01/2022
Squid Ink,29,"Bypass Spinal Canal to Periton Cav w Nonaut Sub, Perc",18/04/2021
Wine - Zinfandel California 2002,85,"Excision of R Hand Bursa/Lig, Perc Endo Approach, Diagn",18/01/2022
Table Cloth 54x54 White,58,"Drainage of Left External Ear, Open Approach",24/10/2021
Wine - Chianti Classico Riserva,11,"Dilate L Ext Carotid w Drug-elut Intra, Perc Endo",28/05/2021
Cognac - Courvaisier,15,"Insertion of Pedcl Stabl Dev into Lum Jt, Open Approach",14/08/2021
"Cheese - Brie, Triple Creme",75,"Occlusion R Cephalic Vein w Intralum Dev, Open",10/03/2021
Bread Sour Rolls,31,"Extirpation of Matter from Right Hepatic Duct, Open Approach",18/11/2021
Plastic Arrow Stir Stick,59,"Release Right Frontal Sinus, Perc Endo Approach",12/10/2021
Cheese - Brick With Onion,87,"Supplement Portal Vein with Synth Sub, Open Approach",31/07/2021
Pants Custom Dry Clean,62,"Drainage of Right Ovary, Percutaneous Approach",27/08/2021
Wine - Piper Heidsieck Brut,14,"Dilation of Right Common Carotid Artery, Open Approach",02/11/2021
Mustard - Individual Pkg,81,"Drainage of Abd Subcu/Fascia, Perc Approach",09/01/2022
Beef - Short Ribs,82,"Supplement R Elbow Bursa/Lig w Nonaut Sub, Perc Endo",16/08/2021
"Iced Tea - Lemon, 460 Ml",10,"Supplement R Fallopian Tube w Synth Sub, Perc Endo",03/03/2021
"Wine - White, Ej Gallo",21,"Bypass Colic Vein to Low Vein w Synth Sub, Perc Endo",23/10/2021
The Pop Shoppe Pinapple,50,"Drainage of Upper Jaw, Percutaneous Approach, Diagnostic",30/06/2021
Flour - Whole Wheat,88,"Control Bleeding in Lower Back, Perc Endo Approach",27/03/2021
Bread Base - Gold Formel,67,"Excision of Left Elbow Joint, Percutaneous Approach, Diagn",26/11/2021
Tea - Decaf Lipton,68,"Dilate L Vas Deferens w Intralum Dev, Perc Endo",22/08/2021
Compound - Passion Fruit,78,"Introduction of Nutritional into Lymph, Perc Approach",20/06/2021
Appetizer - Lobster Phyllo Roll,6,"Radiation Therapy, Endocrine System, Other Radiation",25/11/2021
Beer - Blue Light,83,"Fusion of Lumbosacral Joint, Post Appr A Col, Perc Approach",10/02/2022
"Yogurt - Banana, 175 Gr",98,"Destruction of Cervical Vertebral Joint, Open Approach",04/11/2021
Pur Source,11,"Insertion of Infusion Dev into L Shoulder Jt, Perc Approach",30/05/2021
Bread Foccacia Whole,95,"Revision of Drain Dev in R Sternoclav Jt, Extern Approach",24/09/2021
Bar Nature Valley,58,"Drainage of Nasal Septum, Percutaneous Endoscopic Approach",23/09/2021
Toothpick Frilled,63,"Dilation of Right Lesser Saphenous Vein, Perc Approach",28/01/2022
Nantuket Peach Orange,75,"Bypass Abd Aorta to B Com Ilia w Synth Sub, Perc Endo",07/09/2021
Rice Wine - Aji Mirin,91,"Insert of Pressure Sens into R Pulm Vein, Perc Endo Approach",26/06/2021
Icecream - Dstk Super Cone,73,"Replacement of L Hip Jt, Acetab with Polyeth, Open Approach",01/01/2022
Dc - Sakura Fu,90,"Supplement L Femur Shaft with Autol Sub, Perc Endo Approach",04/03/2021
Tia Maria,23,"Dilate Inf Mesent Art w 3 Drug-elut, Perc Endo",07/02/2022
Tofu - Soft,13,"Dilation of 3 Cor Art with Radioact Intralum, Perc Approach",16/09/2021
Wine - Savigny - Les - Beaune,81,"Bypass Innom Art to R Up Arm Art w Nonaut Sub, Open",11/12/2021
Ecolab - Hand Soap Form Antibac,99,"Supplement R Foot Vein with Nonaut Sub, Perc Endo Approach",29/04/2021
Pie Box - Cello Window 2.5,83,"Reposition Left Ankle Joint, Open Approach",30/12/2021
Grapefruit - White,17,"Revision of Int Fix in Cerv Jt, Perc Endo Approach",11/05/2021
Wine - Magnotta - Bel Paese White,61,CT Scan of Sacrum & Coccyx using L Osm Contrast,20/03/2021
Bok Choy - Baby,78,"Dilation of R Ext Carotid with 3 Intralum Dev, Open Approach",27/01/2022
Ham - Cooked Italian,59,"Drainage of L Temporomandib Jt, Perc Approach, Diagn",15/01/2022
Soup Campbells Split Pea And Ham,85,"Inspection of Lower Bone, External Approach",14/11/2021
"Orange - Canned, Mandarin",93,LDR Brachytherapy of Tongue using Iridium 192,02/07/2021
Hold Up Tool Storage Rack,10,"Revision of Spacer in R Toe Phalanx Jt, Extern Approach",24/10/2021
Flour - All Purpose,94,"Bypass Splenic Art to R Renal A with Autol Vn, Open Approach",07/11/2021
Sugar - Invert,64,"Revise Infusion Dev in Vagina & Cul-de-sac, Extern",07/09/2021
"Wine - Mas Chicet Rose, Vintage",55,"Bypass 2 Cor Art from Aorta w Zooplastic, Perc Endo",01/10/2021
"Salmon - Atlantic, Skin On",23,"Bypass L Atrium to R Pulm Vn with Zooplastic, Open Approach",17/07/2021
Soup Bowl Clear 8oz92008,100,"Bypass L Axilla Art to L Extracran Art w Autol Vn, Open",08/04/2021
Pork - Caul Fat,4,"Dilate R Ulnar Art, Bifurc, w 2 Intralum Dev, Perc",29/05/2021
Sobe - Cranberry Grapefruit,24,"Excision of Perineum Tendon, Perc Endo Approach",23/11/2021
Wine - Saint Emilion Calvet,31,"Removal of Synth Sub from Fem Perineum, Perc Endo Approach",15/02/2021
Wine - Pinot Noir Stoneleigh,93,"Release Common Bile Duct, Via Natural or Artificial Opening",12/12/2021
"Beef - Rib Roast, Cap On",61,"Alteration of R Wrist with Autol Sub, Perc Endo Approach",06/05/2021
Cheese - Gorgonzola,56,"Extirpation of Matter from Lum Jt, Perc Endo Approach",11/01/2022
Cookies Cereal Nut,80,"Resection of Bi Fallopian Tube, Via Opening w Perc Endo",01/05/2021
Tea - English Breakfast,35,"Bypass Trans Colon to Rectum with Synth Sub, Open Approach",04/05/2021
"Pasta - Elbows, Macaroni, Dry",58,"Revision of Autol Sub in L Thumb Phalanx, Extern Approach",04/05/2021
Chicken - Leg / Back Attach,92,"Extirpation of Matter from Lingula Bronchus, Perc Approach",04/01/2022
Sauce - Hoisin,98,"Restriction of Right Pulmonary Vein, Percutaneous Approach",26/04/2021
Creme De Menth - White,48,"Revision of Nonautologous Tissue Substitute in Trachea, Endo",19/01/2022
Cape Capensis - Fillet,65,Beam Radiation of Eye using Photons 1 - 10 MeV,27/08/2021
Beans - Butter Lrg Lima,30,"CT Scan Bi Salivary Gland w L Osm Contrast, Unenh, Enhance",12/03/2021
Wine - Two Oceans Sauvignon,82,"Extirpation of Matter from Thor Jt, Open Approach",10/07/2021
Muffin Hinge - 211n,14,"Bypass L Pulm Art from Subclav w Zooplastic, Perc Endo",21/10/2021
"Liqueur Banana, Ramazzotti",44,"Drainage of Right Radius, Percutaneous Endoscopic Approach",14/01/2022
Sun - Dried Tomatoes,92,"Occlusion of Accessory Pancreatic Duct, Perc Endo Approach",23/06/2021
Cookies - Englishbay Wht,33,"Release Left Inferior Parathyroid Gland, Open Approach",24/11/2021
Lid - 3oz Med Rec,42,"Repair Supernumerary Breast, Open Approach",08/09/2021
Strawberries - California,94,"Reposition Sacrococcygeal Joint, Perc Endo Approach",29/08/2021
"Nut - Pecan, Halves",5,"Drainage of Descending Colon with Drainage Device, Endo",10/04/2021
Schnappes Peppermint - Walker,9,"Removal of Autol Sub from Larynx, Open Approach",11/09/2021
Bay Leaf,64,"Extirpation of Matter from R Lacrml Gland, Extern Approach",04/10/2021
"Pork - Back, Short Cut, Boneless",83,"Revision of Intralum Dev in Uterus & Cervix, Via Opening",09/03/2021
Sauce - Mint,61,"Excision of Lumbar Vertebra, Perc Endo Approach, Diagn",23/12/2021
Chevril,58,"Reposition Bilateral Testes, Open Approach",24/05/2021
Cucumber - English,87,"Bypass Left Kidney Pelvis to L Kid Pelv, Open Approach",30/01/2022
Wine - Fontanafredda Barolo,78,"Release Left Upper Arm Skin, External Approach",26/03/2021
Island Oasis - Pina Colada,84,"Replacement of Left Maxilla with Nonaut Sub, Open Approach",30/05/2021
Artichokes - Jerusalem,1,"Drainage of Bi Vas Deferens with Drain Dev, Perc Approach",25/11/2021
Spice - Montreal Steak Spice,15,"Lymphatic and Hemic Systems, Extirpation",22/10/2021
Huck White Towels,16,Fluoroscopy of Right Brachiocephalic-Subclavian Artery,17/10/2021
Wine - Magnotta - Cab Franc,13,"Drainage of Left Spermatic Cord, Open Approach, Diagnostic",29/04/2021
"Pasta - Spaghetti, Dry",15,"Replace Back Skin w Autol Sub, Part Thick, Extern",13/12/2021
Foil - 4oz Custard Cup,84,"Excision of L Inf Parathyroid, Perc Endo Approach, Diagn",12/08/2021
Wine - Wyndham Estate Bin 777,58,"Supplement Left Palatine Bone with Nonaut Sub, Open Approach",26/04/2021
"Beef - Bones, Cut - Up",1,"Restrict of Cisterna Chyli with Extralum Dev, Perc Approach",28/11/2021
"Cheese - Mozzarella, Shredded",63,"Extirpation of Matter from Brach Plexus, Perc Endo Approach",18/09/2021
Beef Flat Iron Steak,82,"Drainage of Right Sphenoid Bone, Perc Endo Approach",02/02/2022
Foil Wrap,8,"Revision of Synth Sub in Pelvic Cav, Open Approach",31/03/2021
Nantucket - Carrot Orange,62,"Insertion of Intralum Dev into R Brach Vein, Perc Approach",12/05/2021
Bandage - Flexible Neon,42,"Release Left Mandible, Percutaneous Approach",27/02/2021
Strawberries - California,89,HDR Brachytherapy of Larynx using Iridium 192,06/04/2021
Bread Bowl Plain,77,Plain Radiography of Right Knee using Other Contrast,15/07/2021
"Lamb - Whole, Frozen",24,"Restrict Thor Aorta Asc w Fenestr Dev 3+, Perc Endo",05/08/2021
"Shrimp - Baby, Warm Water",53,"Fusion of Left Acromioclavicular Joint, Perc Approach",21/07/2021
"Tart Shells - Sweet, 3",84,"Occlusion Sup Mesent Art w Intralum Dev, Perc Endo",13/11/2021
"Garlic - Primerba, Paste",58,Computerized Tomography (CT Scan) of Left Pulmonary Vein,23/04/2021
Wine - Balbach Riverside,9,"Restrict R Com Iliac Art w Extralum Dev, Perc Endo",07/05/2021
"Crab - Dungeness, Whole, live",55,"Drain of L Sphenoid Bone with Drain Dev, Perc Endo Approach",22/11/2021
Beans - Green,75,"Occlusion R Thyroid Art w Intralum Dev, Perc Endo",29/05/2021
Arizona - Plum Green Tea,12,"Bypass R Com Iliac Art to Celiac Art w Autol Vn, Perc Endo",17/06/2021
"Pork - Bacon,back Peameal",90,"Ultrasonography of Left Subclavian Vein, Guidance",24/04/2021
Puff Pastry - Sheets,43,"Drainage of Right Thyroid Gland Lobe, Open Approach",26/07/2021
Beef Dry Aged Tenderloin Aaa,25,"Transfer Perineum Subcu/Fascia, Perc Approach",26/12/2021
"Coconut - Shredded, Sweet",48,"Insertion of Int Fix into R Elbow Jt, Open Approach",26/04/2021
"Pasta - Lasagna, Dry",32,"Bypass Ileum to Cutaneous with Synth Sub, Perc Approach",27/10/2021
"Soup - Campbells, Creamy",45,"Supplement Hepatic Artery with Synth Sub, Perc Approach",18/03/2021
Beer - Camerons Cream Ale,47,"Reposition Right External Jugular Vein, Open Approach",25/02/2021
Chicken - Bones,96,"Restriction of Colic Vein with Intralum Dev, Open Approach",10/06/2021
Cheese - Goat With Herbs,4,"Release Lower Esophagus, Via Natural or Artificial Opening",22/02/2021
Bacardi Mojito,70,"Replacement of Left Tarsal with Autol Sub, Open Approach",01/06/2021
"Plate - Foam, Bread And Butter",87,"Monitoring of Respiratory Volume, Via Opening",25/04/2021
"Oil - Shortening,liqud, Fry",69,"Bypass R Kidney Pelvis to R Ureter w Autol Sub, Perc Endo",16/04/2021
Energy Drink - Franks Pineapple,83,"Release Right Common Carotid Artery, Open Approach",05/03/2021
Cheese - Valancey,33,"Remove Infusion Dev from R Metatarsotars Jt, Extern",29/01/2022
"Soup - Knorr, Veg / Beef",58,"Drainage of Duodenum with Drain Dev, Perc Endo Approach",22/04/2021
Absolut Citron,96,"Supplement L Hepatic Duct w Nonaut Sub, Perc Endo",17/07/2021
"Cheese - Cheddar, Mild",9,Removal of Splint on Right Upper Arm,03/08/2021
Muffin - Carrot Individual Wrap,51,"Replacement of L Thumb Phalanx with Synth Sub, Perc Approach",16/12/2021
Bread - Frozen Basket Variety,24,"Repair Right Lesser Saphenous Vein, Perc Endo Approach",05/12/2021
Coconut - Whole,60,"Excision of Esophagus, Perc Endo Approach, Diagn",10/01/2022
"Wine - White, Riesling, Semi - Dry",95,"Reattachment of Descending Colon, Perc Endo Approach",04/09/2021
Alize Sunset,68,Ultrasonography of Right Heart,25/02/2021
Tumeric,99,LDR Brachytherapy of Soft Palate using Oth Isotope,20/04/2021
Cheese - Victor Et Berthold,48,"Reposition Left Shoulder Muscle, Open Approach",28/11/2021
Pork - Hock And Feet Attached,58,"Reposition Right Sphenoid Bone, External Approach",25/12/2021
"Chilli Paste, Hot Sambal Oelek",100,"Revision of Int Fix in T-lum Jt, Perc Approach",25/08/2021
Cleaner - Lime Away,35,"Insertion of Intralum Dev into R Basilic Vein, Perc Approach",11/07/2021
Cabbage - Red,39,"Repair Bilateral Fallopian Tubes, Open Approach",03/02/2022
Crackers Cheez It,84,"Repair Left Abdomen Bursa and Ligament, Perc Approach",18/02/2021
Cake - Night And Day Choclate,42,"Revision of Drainage Device in Right Breast, Endo",23/10/2021
Bread - Crusty Italian Poly,27,"Detachment at Right Little Finger, Complete, Open Approach",03/06/2021
Macaroons - Two Bite Choc,88,Change Cast on Left Inguinal Region,20/10/2021
Oregano - Fresh,99,"Release Cervicothoracic Vertebral Disc, External Approach",10/11/2021
Wine - Trimbach Pinot Blanc,100,"Destruction of Trochlear Nerve, Percutaneous Approach",19/11/2021
"Vermacelli - Sprinkles, Assorted",27,"Supplement Bi Vas Deferens with Autol Sub, Open Approach",01/02/2022
Lettuce - Boston Bib,12,"Revision of Drain Dev in L Acromioclav Jt, Extern Approach",02/11/2021
Garlic Powder,90,"Excision of Left Ovary, Percutaneous Approach",26/11/2021
Flour Pastry Super Fine,29,"Monitoring of Venous Pulse, Central, Open Approach",27/04/2021
Wine - Pinot Noir Mondavi Coastal,64,Beam Radiation of Chest Skin using Neutrons,12/03/2021
"Fish - Soup Base, Bouillon",54,"Drainage of Left Lower Leg, Open Approach",27/04/2021
Horseradish Root,51,"Repair Lower Back, Percutaneous Approach",17/11/2021
"Pork - Loin, Center Cut",12,"Excision of Right Radial Artery, Perc Endo Approach",02/12/2021
Beef - Short Loin,62,Synth Sentence Ident Assessment using Sound Field/Booth,06/06/2021
Tomato - Peeled Italian Canned,7,"Drainage of Right Upper Extremity, Open Approach, Diagnostic",22/03/2021
Veal - Striploin,70,"Insertion of Infusion Dev into R Verteb Vein, Perc Approach",01/04/2021
"Pork - Sausage, Medium",19,"Revision of Infusion Device in Pericard Cav, Perc Approach",03/10/2021
Ice Cream Bar - Rolo Cone,95,"Extirpation of Matter from Left Face Vein, Perc Approach",18/02/2021
"Sugar - Sweet N Low, Individual",19,"Excision of Thymus, Percutaneous Approach, Diagnostic",05/02/2022
"Beef - Kindney, Whole",40,"Introduce Andexanet Alfa in Periph Vein, Perc, New Tech 2",17/09/2021
Island Oasis - Magarita Mix,12,"Revision of Ext Fix in R Metacarpocarp Jt, Extern Approach",20/04/2021
"Cheese - Cheddar, Medium",87,"Release Pericardium, Percutaneous Endoscopic Approach",04/07/2021
Buffalo - Striploin,88,Beam Radiation of Prostate using Electrons,08/11/2021
Plate Pie Foil,28,"Excision of L Ext Iliac Art, Perc Endo Approach, Diagn",16/03/2021
"Sugar - Sweet N Low, Individual",32,"Removal of Radioactive Element from Pleura, Perc Approach",16/11/2021
Syrup - Monin - Granny Smith,61,Stereotactic Other Photon Radiosurgery of Colon,18/07/2021
"Sparkling Wine - Rose, Freixenet",56,Fluoroscopy of Right Subclavian Vein,30/07/2021
Extract - Almond,71,"Drainage of Right Carpal Joint, Perc Endo Approach, Diagn",08/01/2022
Teriyaki Sauce,22,"Excision of Right Lower Extremity, Perc Approach, Diagn",11/07/2021
Carbonated Water - Wildberry,99,"Revision of Nonaut Sub in R Fibula, Perc Endo Approach",12/08/2021
"Wine - Red, Antinori Santa",99,"Repair Bilateral Breast, External Approach",20/09/2021
Bagel - Everything Presliced,46,"Change Other Device in Liver, External Approach",15/12/2021
Pear - Halves,98,"Destruction of Accessory Pancreatic Duct, Perc Endo Approach",07/09/2021
Dehydrated Kelp Kombo,38,"Revision of Monitoring Device in Trachea, Open Approach",21/07/2021
Lettuce - Red Leaf,32,CT Scan of Port/Splanch Vein using Intravasc Optic Cohere,21/11/2021
Ecolab - Hobart Upr Prewash Arm,22,"Bypass R Axilla Vein to Up Vein w Nonaut Sub, Open",12/11/2021
Water - Evian 355 Ml,100,"Removal of Synth Sub from R Clavicle, Perc Approach",11/12/2021
Muffin Batt - Carrot Spice,88,"Restriction of Gastric Art with Intralum Dev, Perc Approach",12/03/2021
Quail - Jumbo Boneless,57,"Bypass L Popl Art to Peron Art, Perc Endo Approach",27/07/2021
Wine - Lamancha Do Crianza,58,Aerobic Cap/Endur Assessment of Circ Body using Prosthesis,30/12/2021
Halibut - Steaks,40,"Destruction of Left Ethmoid Bone, Perc Endo Approach",13/04/2021
Cheese - Cheddar With Claret,41,"Supplement Large Intestine with Autol Sub, Open Approach",08/10/2021
Anchovy Fillets,66,Computerized Tomography (CT Scan) of Left Upper Arm,23/02/2021
Onions - Red Pearl,32,"Excision of Cervical Spinal Cord, Perc Endo Approach, Diagn",31/10/2021
Vanilla Beans,47,"Release Left Upper Leg Tendon, Open Approach",22/03/2021
Lid Tray - 16in Dome,50,"Introduction of Oth Therap Subst into Up GI, Via Opening",22/04/2021
Pears - Fiorelle,14,"Revision of Synthetic Substitute in Nose, External Approach",31/08/2021
Urban Zen Drinks,71,"Revision of Autol Sub in Low Back, Perc Endo Approach",10/05/2021
"Pork - Loin, Boneless",58,"Revision of Radioactive Element in Up Jaw, Extern Approach",07/10/2021
Tuna - Fresh,25,"Inspection of Upper Artery, Percutaneous Endoscopic Approach",19/03/2021
Wine - Ej Gallo Sierra Valley,4,"Drainage of Cerv Disc with Drain Dev, Perc Endo Approach",03/02/2022
Energy Drink,40,"Revision of Autol Sub in Occip Jt, Perc Endo Approach",22/05/2021
Lettuce - Escarole,19,"Revision of Nonaut Sub in Low Tendon, Perc Endo Approach",27/01/2022
Ginger - Crystalized,39,"Excision of Upper Artery, Percutaneous Approach",16/01/2022
Soup - Campbells Mushroom,37,"Insertion of Cardiac Lead into Coronary Vein, Perc Approach",31/10/2021
Fork - Plastic,57,"Dilate R Renal Art, Bifurc, w 2 Intralum Dev, Open",26/09/2021
Beef - Top Sirloin,89,"Dilation of 2 Cor Art, Perc Endo Approach",06/05/2021
Carbonated Water - Strawberry,42,"Inspection of Abdominal Wall, Perc Endo Approach",20/08/2021
"Corn - Cream, Canned",62,"Removal of Radioactive Element from L Breast, Perc Approach",29/08/2021
Steamers White,24,"Replace R Low Arm Skin w Nonaut Sub, Full Thick, Extern",19/05/2021
Chocolate Bar - Coffee Crisp,21,"Repair Left Hypogastric Vein, Open Approach",01/09/2021
Tea - Herbal - 6 Asst,17,"Supplement L Up Extrem with Synth Sub, Open Approach",07/04/2021
Wine - Muscadet Sur Lie,70,"Bypass R Com Iliac Art to L Com Ilia w Synth Sub, Perc Endo",01/04/2021
Truffle Cups Green,7,"Transfer L Thorax Muscle w Skin, Subcu, Perc Endo",26/10/2021
Bread - Rye,100,"Repair Left Breast, Percutaneous Approach",15/12/2021
Bread Fig And Almond,99,"Peripheral Nervous System, Insertion",07/11/2021
"Fish - Halibut, Cold Smoked",62,"Excision of Right Fibula, Open Approach, Diagnostic",11/09/2021
Appetizer - Mushroom Tart,95,"Revision of Autol Sub in L Sternoclav Jt, Extern Approach",23/06/2021
"Pasta - Rotini, Dry",39,"Repair Cervix, Via Natural or Artificial Opening Endoscopic",19/05/2021
"Chocolate - Pistoles, White",50,"Bypass L Face Vein to Up Vein with Nonaut Sub, Open Approach",09/07/2021
Soup - Campbells Asian Noodle,71,"Bypass Inf Mesent Vein to Low Vein w Autol Sub, Open",27/01/2022
Water - Spring Water 500ml,87,"Reposition Thoracolumbar Vertebral Joint, Perc Endo Approach",16/11/2021
Beer - Fruli,25,"Revision of Infusion Device in Fem Perineum, Open Approach",24/07/2021
Mussels - Frozen,46,"Drainage of Left External Iliac Artery, Open Approach",27/05/2021
Star Fruit,30,"Inspection of Upper Bursa and Ligament, External Approach",28/06/2021
Lady Fingers,2,Planar Nucl Med Imag of Bi Up Extrem using Technetium 99m,17/06/2021
Beer - Pilsner Urquell,51,"Introduce of Oth Anti-infect into Periph Art, Open Approach",04/12/2021
Garam Marsala,36,"Occlusion of Right Hepatic Duct, Open Approach",16/05/2021
"Flour - Corn, Fine",87,"Dilation of Abdominal Aorta with 2 Drug-elut, Open Approach",02/08/2021
Beer - Mcauslan Apricot,11,"Bypass L Subclav Art to R Low Leg Art w Synth Sub, Open",27/08/2021
Butter Sweet,94,"Division of Trunk Subcu/Fascia, Open Approach",11/01/2022
Puff Pastry - Sheets,81,"Drainage of Left Vas Deferens, Percutaneous Approach",04/03/2021
Cookie Dough - Double,3,"Dilation of L Radial Art with 4 Drug-elut, Perc Approach",07/03/2021
Cup - Translucent 7 Oz Clear,49,"Destruction of Thoracic Aorta, Descending, Open Approach",16/01/2022
Vodka - Moskovskaya,87,"Insertion of Infusion Device into Splenic Art, Open Approach",18/01/2022
Muffin - Bran Ind Wrpd,74,"Drainage of Left Vas Deferens, Open Approach, Diagnostic",25/01/2022
Fish - Bones,43,"Supplement Hepatic Vein with Synth Sub, Perc Endo Approach",14/01/2022
Pastry - Banana Muffin - Mini,40,Plain Radiography of L Subclav Vein using H Osm Contrast,13/07/2021
"Veal - Brisket, Provimi,bnls",97,"Control Bleeding in Right Lower Leg, Percutaneous Approach",06/05/2021
Pail For Lid 1537,99,"Phys Rehab & Diag Audiology, Rehab, Motor Trmt",06/01/2022
"Oil - Truffle, Black",35,"Transfer Facial Nerve to Vagus Nerve, Open Approach",01/09/2021
"Soup - Knorr, Ministrone",96,"Dilation of Duodenum with Intraluminal Device, Endo",08/07/2021
Swiss Chard,55,"Revision of Nonaut Sub in R Metacarpal, Extern Approach",19/11/2021
"Beef - Rib Roast, Capless",89,"Revision of Drainage Device in R Ankle Jt, Extern Approach",17/12/2021
Appetizer - Tarragon Chicken,9,"Extirpation of Matter from Left Knee Joint, Perc Approach",27/06/2021
Sherbet - Raspberry,54,"Revision of Synth Sub in R Finger Phalanx, Extern Approach",13/02/2021
Dome Lid Clear P92008h,84,"Restriction of Azygos Vein, Percutaneous Endoscopic Approach",28/06/2021
Flour - So Mix Cake White,46,"Supplement R Abd Tendon with Synth Sub, Perc Endo Approach",20/11/2021
Nacho Chips,93,"Occlusion of L Int Mamm Art with Extralum Dev, Perc Approach",02/10/2021
Cheese - Ricotta,65,Fluoroscopy of Sternum,06/07/2021
Chicken - Whole Roasting,43,"Supplement L Com Carotid with Nonaut Sub, Open Approach",20/01/2022
Corn Meal,98,"Restriction of Large Intestine, Percutaneous Approach",14/12/2021
Arizona - Green Tea,54,"Bypass Left Ventricle to R Int Mammary, Perc Endo Approach",21/11/2021
Bread - Italian Roll With Herbs,31,"Insertion of Int Fix into L Humeral Shaft, Perc Approach",20/08/2021
Macaroons - Two Bite Choc,98,"Repair Ear, Nose & Sinus in POC with Oth Dev, Open Approach",19/04/2021
Kiwi Gold Zespri,87,"Drainage of Left Tunica Vaginalis, Perc Approach, Diagn",29/09/2021
Cheese - Pied De Vents,35,"Drainage of Right External Ear, Open Approach",25/08/2021
Snapple - Iced Tea Peach,50,"Drainage of Pelvic Subcu/Fascia, Perc Approach, Diagn",30/09/2021
Jolt Cola - Electric Blue,19,"Restrict of Sup Mesent Art with Intralum Dev, Perc Approach",22/03/2021
Island Oasis - Banana Daiquiri,12,"Dilate Gastric Art, Bifurc, w 2 Drug-elut, Perc",12/01/2022
Olive - Spread Tapenade,22,"Insertion of Intracard Pacer into R Ventricle, Perc Approach",21/10/2021
Cheese Cheddar Processed,1,"Supplement R Toe Phalanx with Nonaut Sub, Perc Endo Approach",22/09/2021
French Kiss Vanilla,58,"Dilate Sup Mesent Art, Bifurc, w 4 Drug-elut, Perc",02/06/2021
Sausage - Liver,14,"Bypass L Int Iliac Art to L Ext Ilia w Autol Art, Open",27/02/2021
Chicken - Leg / Back Attach,57,"Repair Hepatobiliary and Pancreas in POC, Endo",24/11/2021
Smoked Paprika,57,"Division of Head Neck Symp Nrv, Perc Endo Approach",26/04/2021
Beef - Tender Tips,98,"Removal of Spacer from Right Shoulder Joint, Perc Approach",24/06/2021
Beer - Sleeman Fine Porter,53,MRI of Thoracic Disc using Oth Contrast,25/07/2021
Ham - Cooked Italian,52,"Destruction of Left Axillary Artery, Open Approach",17/11/2021
Salmon - Canned,97,Plain Radiography of L Salivary Gland using H Osm Contrast,10/06/2021
Wine - Guy Sage Touraine,99,"Replace of Scalp Subcu/Fascia with Autol Sub, Perc Approach",27/11/2021
Shrimp - Black Tiger 8 - 12,15,"Revision of Autol Sub in Face, Perc Approach",30/03/2021
Beef - Ox Tongue,36,"Drainage of Thor Symp Nrv with Drain Dev, Open Approach",20/10/2021
Sea Urchin,73,"Resection of Right Radius, Open Approach",07/07/2021
Sobe - Berry Energy,54,"Drainage of Lingula Bronchus with Drain Dev, Via Opening",03/05/2021
Cinnamon Buns Sticky,80,"Supplement R Temporomandib Jt w Synth Sub, Perc Endo",11/10/2021
Wine - Sicilia Igt Nero Avola,6,"Insertion of Infusion Device into Occip Jt, Open Approach",27/02/2021
Thyme - Dried,99,"Revision of Autol Sub in R Metatarsophal Jt, Open Approach",06/11/2021
Mince Meat - Filling,47,"Replace of R Metacarpal with Synth Sub, Perc Endo Approach",16/11/2021
Water - Tonic,34,"Bypass Cystic Duct to Small Intestine, Open Approach",02/10/2021
Noodles - Steamed Chow Mein,79,"Excision of Cervical Nerve, Open Approach",19/01/2022
Pastry - Plain Baked Croissant,66,"Revision of Nonaut Sub in R Ulna, Perc Endo Approach",04/05/2021
Numi - Assorted Teas,76,"Removal of Synth Sub from Low Vein, Perc Endo Approach",25/06/2021
"Potatoes - Yukon Gold, 80 Ct",12,"Insertion of Infusion Dev into L Ext Carotid, Perc Approach",27/11/2021
Bagels Poppyseed,56,"Removal of Feeding Device from Esophagus, Perc Endo Approach",09/01/2022
Wine - Placido Pinot Grigo,63,Ultrasonography of Right Hip,23/10/2021
"Shrimp, Dried, Small / Lb",52,"Removal of Monitor Dev from Up Intest Tract, Via Opening",02/08/2021
Cheese - Colby,39,"Repair Right Auditory Ossicle, Open Approach",15/08/2021
V8 - Berry Blend,71,"Insertion of Infusion Dev into Occip Jt, Perc Endo Approach",18/11/2021
Lettuce - Escarole,74,"Replace Perineum Skin w Synth Sub, Full Thick, Extern",30/03/2021
Steel Wool,4,"Measurement of Venous Pulse, Portal, Open Approach",10/12/2021
"Shrimp - 16/20, Peeled Deviened",20,"Restriction of L Renal Art with Intralum Dev, Perc Approach",27/08/2021
Bok Choy - Baby,40,"Destruction of Right Toe Phalanx, Open Approach",05/10/2021
Shichimi Togarashi Peppeers,54,"Reattachment of Right 4th Toe, Open Approach",25/04/2021
Kiwano,93,Ultrasonography of Gallbladder and Bile Ducts,20/12/2021
Cookie Dough - Chocolate Chip,35,"Extirpation of Matter from L Hypogast Vein, Open Approach",25/05/2021
Banana,74,Fluoroscopy of Left Hip using Other Contrast,20/07/2021
"Wine - Red, Gallo, Merlot",93,"Destruction of Right External Iliac Artery, Open Approach",19/07/2021
Chicken - Tenderloin,23,"Dilation of Pancreatic Duct with Intralum Dev, Via Opening",05/09/2021
Wine - Tribal Sauvignon,76,Plain Radiography of Bladder and Urethra,18/11/2021
"Ice - Clear, 300 Lb For Carving",58,"Occlusion of Lingula Bronchus with Intraluminal Device, Endo",24/12/2021
Sage - Rubbed,61,"Supplement Tricusp Valve fr R AV Vlv w Nonaut Sub, Perc Endo",18/01/2022
Cheese - Camembert,86,"Removal of Infusion Device from Resp Tract, Extern Approach",29/12/2021
Spice - Montreal Steak Spice,36,"Drainage of Lingula Bronchus, Open Approach, Diagnostic",23/02/2021
Lamb - Bones,28,LDR Brachytherapy of Spinal Cord using Oth Isotope,18/07/2021
Appetizer - Asian Shrimp Roll,3,Caregiver Training in Comm Skills using AV Equipment,10/07/2021
Fruit Salad Deluxe,78,"Insertion of Stimulator Lead into Ureter, Perc Approach",29/09/2021
Jagermeister,23,"Fusion 2-4 L Jt w Autol Sub, Ant Appr A Col, Open",29/08/2021
Bread Ww Cluster,24,"Insertion of Cardiac Lead into R Ventricle, Perc Approach",01/09/2021
Wine - Cabernet Sauvignon,14,"Insertion of Intralum Dev into L Brach Art, Perc Approach",27/08/2021
Cheese - Montery Jack,74,"Bypass R Pulm Art from Subclav w Nonaut Sub, Open",10/07/2021
Lettuce - Green Leaf,22,"CT Scan Liver & Spleen w L Osm Contrast, Unenh, Enhance",19/12/2021
Soup - Campbells,70,"Dilation of R Pulm Art with Intralum Dev, Perc Approach",31/03/2021
Juice - Lagoon Mango,30,"Insert of Intralum Dev into L Cephalic Vein, Perc Approach",21/09/2021
"Cherries - Maraschino,jar",58,"Bypass L Great Saphenous to Low Vein w Nonaut Sub, Perc Endo",23/07/2021
Bread - Pumpernickel,76,"Dilate R Foot Art, Bifurc, w 4+ Intralum Dev, Open",24/06/2021
Baking Powder,91,"Drainage of Left Carpal Joint, Open Approach",19/03/2021
Cheese - La Sauvagine,62,"Supplement Lower Gingiva with Nonaut Sub, Open Approach",04/02/2022
Kale - Red,75,"Excision of Right Middle Ear, Open Approach",09/03/2021
Extract - Rum,13,"Supplement Right Radius with Synth Sub, Open Approach",26/12/2021
Onions - Red,19,Change Traction Apparatus on Left Lower Arm,15/08/2021
Sobe - Berry Energy,91,"Drainage of Ampulla of Vater, Via Opening, Diagn",10/05/2021
Nestea - Iced Tea,28,"Excision of Cerebral Hemisphere, Percutaneous Approach",13/12/2021
Chivas Regal - 12 Year Old,75,"Repair Right Pulmonary Artery, Open Approach",06/10/2021
"Soup - Campbells, Butternut",84,"Fluoroscopy L Int Carotid w L Osm Contrast, Laser Intraop",09/04/2021
Island Oasis - Lemonade,37,"Drain of L Foot Subcu/Fascia with Drain Dev, Open Approach",14/12/2021
Lamb - Bones,88,"Reposition Left Internal Jugular Vein, Open Approach",06/10/2021
Initation Crab Meat,55,"Supplement R Ext Iliac Art with Synth Sub, Open Approach",26/01/2022
Potatoes - Parissienne,66,"Replace Post Neck Subcu/Fascia w Nonaut Sub, Open",09/01/2022
Eggs - Extra Large,31,"Insertion of Monitoring Device into Kidney, Open Approach",01/11/2021
Heavy Duty Dust Pan,23,"Bypass Stomach to Cutan with Nonaut Sub, Perc Endo Approach",14/12/2021
Pork - European Side Bacon,57,"Destruction of Right Knee Bursa and Ligament, Open Approach",29/12/2021
Pepper - Chilli Seeds Mild,9,"Drainage of Left Vocal Cord, Perc Endo Approach",07/03/2021
Wine - Pinot Noir Mondavi Coastal,27,"Bypass Jejunum to Cutaneous, Perc Endo Approach",18/11/2021
Sorrel - Fresh,53,"Bypass Sup Vena Cava to R Pulm Vn w Zooplastic, Open",01/10/2021
"Pork - Tenderloin, Fresh",44,"Excision of Vulva, Open Approach",12/08/2021
Lamb - Ground,97,"Inspection of Right Tympanic Membrane, External Approach",06/10/2021
Ostrich - Prime Cut,25,"Replace Buttock Subcu/Fascia w Nonaut Sub, Open",28/05/2021
Lotus Rootlets - Canned,33,"Revise Infusion Dev in R Sacroiliac Jt, Perc Endo",25/09/2021
Cheese - Oka,28,"Repair Left Atrium, Percutaneous Endoscopic Approach",13/09/2021
"Arctic Char - Fresh, Whole",48,"Revision of Drainage Device in C-thor Jt, Extern Approach",18/07/2021
Ham - Cooked Italian,85,MRI of Head/Neck Subcu using Oth Contrast,04/07/2021
Salt - Table,64,"Extirpation of Matter from L Tarsal Jt, Perc Endo Approach",05/12/2021
"Appetizer - Mini Egg Roll, Shrimp",45,"Drainage of Right Knee Region, Perc Endo Approach",16/04/2021
Grapefruit - White,13,"Change Other Device in Omentum, External Approach",15/10/2021
Jack Daniels,53,"Revision of Synth Sub in L Patella, Extern Approach",07/01/2022
Bar Mix - Lemon,98,"Bypass L Face Vein to Up Vein with Autol Sub, Open Approach",19/08/2021
Compound - Pear,92,"Restriction of Left Vertebral Vein, Open Approach",21/01/2022
Fuji Apples,57,"Removal of Drain Dev from R Wrist Jt, Perc Endo Approach",06/05/2021
Steampan Lid,32,"Repair Right Adrenal Gland, Open Approach",08/08/2021
Puree - Blackcurrant,85,"Pharmacotherapy for Substance Abuse Treatment, LAAM",04/05/2021
"Wine - Red, Concha Y Toro",34,"Division of R Foot Subcu/Fascia, Perc Approach",15/06/2021
Calypso - Lemonade,60,"Bypass L Subclav Art to R Extracran Art w Autol Vn, Open",16/08/2021
"Pork - Tenderloin, Frozen",26,"Repair Coronary Artery, Two Arteries, Open Approach",09/06/2021
Beans - Fine,14,"Repair Right Upper Lobe Bronchus, Endo",01/02/2022
"Brandy - Orange, Mc Guiness",4,"Transfer Pelvic Subcu/Fascia, Perc Approach",07/08/2021
"Beef - Roasted, Cooked",28,"Replacement of R Axilla Art with Autol Sub, Open Approach",14/07/2021
"Crab - Claws, 26 - 30",50,"Revision of Synthetic Substitute in Penis, Open Approach",11/03/2021
"Veal - Tenderloin, Untrimmed",34,"Remove Synth Sub from Low Intest Tract, Perc Endo",24/11/2021
Campari,3,"Occlusion R Colic Art w Intralum Dev, Perc Endo",28/04/2021
Pepper - Scotch Bonnet,23,"Removal of Autol Sub from T-lum Jt, Perc Approach",05/03/2021
Sprouts - Peppercress,82,"Introduction of Other Anti-infective into Upper GI, Endo",16/09/2021
Paste - Black Olive,12,"Drainage of Mediastinum with Drain Dev, Perc Endo Approach",17/06/2021
Spinach - Packaged,69,"Drainage of Nasal Bone with Drain Dev, Perc Endo Approach",03/08/2021
Turkey Tenderloin Frozen,8,"Drainage of Right Metatarsal, Open Approach, Diagnostic",12/05/2021
"Crush - Grape, 355 Ml",36,"Bypass R Axilla Art to R Low Arm Art w Nonaut Sub, Open",16/11/2021
Crab - Imitation Flakes,88,"Destruction of Prostate, Endo",03/03/2021
Scallops - 20/30,68,"Fluoroscopy R Renal Art w L Osm Contrast, Laser Intraop",25/05/2021
Ecolab - Hobart Upr Prewash Arm,63,"Revision of Ext Fix in R Humeral Head, Extern Approach",03/11/2021
Quail - Jumbo,100,"Supplement Lesser Omentum with Autol Sub, Perc Endo Approach",13/09/2021
Long Island Ice Tea,50,"Bypass Bladder to Cutaneous with Synth Sub, Perc Approach",22/04/2021
Jam - Apricot,37,"Reposition Thoracic Vertebra with Int Fix, Open Approach",07/02/2022
Steel Wool S.o.s,28,"Insertion of Other Device into L Knee, Perc Approach",11/06/2021
Soup Campbells - Tomato Bisque,29,Removal of Packing Material on Chest Wall,11/05/2021
Olives - Nicoise,59,"Fusion of R Metacarpophal Jt with Synth Sub, Perc Approach",30/06/2021
Steamers White,6,"Dilation of Left Internal Iliac Artery, Perc Approach",19/10/2021
Pepper - Green Thai,79,"Excision of Right Ankle Region, Percutaneous Approach, Diagn",01/11/2021
Petite Baguette,98,"Destruction of Hard Palate, External Approach",18/04/2021
"Soup - Knorr, Chicken Noodle",35,"Excision of Left Sphenoid Bone, Percutaneous Approach",04/05/2021
Tea - Lemon Green Tea,46,"Drainage of Perineum Tendon with Drain Dev, Perc Approach",15/02/2021
Ice Cream Bar - Oreo Sandwich,98,"Repair Pancreas, Open Approach",24/12/2021
Cookies - Englishbay Oatmeal,63,"Supplement R Ext Jugular Vein with Autol Sub, Open Approach",25/09/2021
Pea - Snow,24,"Extirpation of Matter from Portal Vein, Open Approach",22/02/2021
Oil - Hazelnut,57,"Dilate L Colic Art, Bifurc, w Intralum Dev, Open",10/12/2021
Ice Cream - Fudge Bars,47,"Excision of Lingula Bronchus, Endo, Diagn",02/03/2021
Lamb - Loin Chops,37,"Excision of Post Neck Subcu/Fascia, Open Approach",12/09/2021
Bagels Poppyseed,47,"Excision of Right Ventricle, Percutaneous Approach, Diagn",11/04/2021
Nori Sea Weed,53,"Extirpation of Matter from Endometrium, Endo",19/07/2021
Cake Sheet Combo Party Pack,96,"Insert Radioact Elem in R Pleural Cav, Perc Endo",13/08/2021
"Pasta - Fusili, Dry",15,"Release Right Spermatic Cord, Open Approach",05/12/2021
Butter Ripple - Phillips,72,"Excision of Right Inferior Parathyroid Gland, Open Approach",30/06/2021
"Pork - Tenderloin, Fresh",50,"Remove Drain Dev from L Tympanic Membrane, Extern",19/04/2021
Puree - Blackcurrant,42,"Restriction of Hepatic Vein, Open Approach",11/03/2021
Petite Baguette,14,"Transplantation of R Mid Lung Lobe, Allogen, Open Approach",22/06/2021
Icecream - Dibs,73,"Supplement R Temporomandib Jt with Synth Sub, Perc Approach",13/07/2021
"Syrup - Monin, Amaretta",14,"Transfer Trochlear Nerve to Accessory Nerve, Open Approach",02/09/2021
Wine - Fontanafredda Barolo,98,"Restriction of Aortic Lymph with Intralum Dev, Perc Approach",10/09/2021
Tomatoes - Hot House,75,Removal of Pressure Dressing on Left Foot,14/03/2021
Tomatoes - Grape,1,"Drainage of Pancreas with Drainage Device, Open Approach",13/04/2021
Corn Meal,64,"Resection of Perineum Muscle, Perc Endo Approach",03/06/2021
Cabbage - Green,68,"Bypass Duodenum to Duodenum, Open Approach",15/06/2021
Appetizer - Assorted Box,85,"Restrict R Ext Iliac Vein w Intralum Dev, Open",02/05/2021
Pork - Smoked Kassler,78,"Extirpation of Matter from Left Hip Muscle, Open Approach",25/02/2021
Mussels - Cultivated,58,"Drain of Lumbar Symp Nrv with Drain Dev, Perc Endo Approach",16/05/2021
Scrubbie - Scotchbrite Hand Pad,40,"MRI of Fetal Head using Oth Contrast, Unenh, Enhance",21/08/2021
"Yogurt - Raspberry, 175 Gr",52,"Drainage of Left Elbow Region, Percutaneous Approach, Diagn",10/04/2021
Cranberries - Fresh,39,"Measurement of Venous Pressure, Peripheral, Open Approach",02/11/2021
Wine - Dubouef Macon - Villages,28,"Drainage of Bone Marrow, Open Approach, Diagnostic",15/04/2021
Eggplant - Baby,85,"Insertion of Other Device into R Pleural Cav, Open Approach",06/02/2022
"Wine - White, Gewurtzraminer",79,"Revise Nonaut Sub in L Finger Phalanx Jt, Perc Endo",27/11/2021
Lid - 16 Oz And 32 Oz,41,"Removal of Radioact Elem from Pancreat Duct, Via Opening",16/07/2021
Onions - Spanish,40,"Insert of Monopln Ext Fix into R Radius, Perc Endo Approach",05/06/2021
Beer - Camerons Auburn,14,Immobilization of Left Toe using Cast,04/04/2021
"Bread - Roll, Canadian Dinner",80,"Revision of Int Fix in L Ankle Jt, Perc Approach",07/06/2021
Tuna - Sushi Grade,83,"Insertion of Epiret Prosth into L Eye, Open Approach",28/06/2021
Cheese - St. Andre,71,"Release Left Hip Joint, External Approach",25/08/2021
Scallop - St. Jaques,49,"Destruction of Facial Nerve, Percutaneous Approach",05/10/2021
Bread - Mini Hamburger Bun,31,"Fusion of L Shoulder Jt with Autol Sub, Perc Endo Approach",04/08/2021
Cloves - Ground,69,"Occlusion R Int Iliac Art w Intralum Dev, Open",03/10/2021
Nectarines,100,"Change Other Device in Bladder, External Approach",07/11/2021
Ginger - Crystalized,45,"Fusion of R Metacarpophal Jt with Synth Sub, Perc Approach",03/11/2021
Bar Special K,68,"Mental Health, Medication Management",04/10/2021
Snapple - Iced Tea Peach,72,"Supplement Dura Mater with Synth Sub, Open Approach",30/11/2021
Munchies Honey Sweet Trail Mix,69,"Removal of Nonaut Sub from L Eye, Perc Approach",14/03/2021
"Cheese - Boursin, Garlic / Herbs",36,"Repair Vagina, External Approach",21/07/2021
Island Oasis - Banana Daiquiri,89,"Drainage of Ileocecal Valve, Perc Endo Approach, Diagn",07/02/2022
"Soup - Knorr, Country Bean",57,"Division of L Low Leg Subcu/Fascia, Open Approach",19/09/2021
Celery,24,Removal of Brace on Left Thumb,11/12/2021
Kiwi Gold Zespri,16,"Reposition Thymus, Open Approach",25/12/2021
Quail - Jumbo Boneless,35,"Resection of Right Parotid Gland, Open Approach",07/09/2021
"Cheese - Cheddar, Old White",26,"Revise Nonaut Sub in Vagina & Cul-de-sac, Perc Endo",07/01/2022
Myers Planters Punch,14,"Occlusion of Right Fallopian Tube, Via Opening",14/11/2021
Bread - Crusty Italian Poly,34,"Dilation of R Com Carotid with Intralum Dev, Open Approach",06/01/2022
"Soup - Campbells, Beef Barley",19,"Drainage of L Low Leg Subcu/Fascia, Open Approach",02/01/2022
"Bread - Pullman, Sliced",16,Beam Radiation of Esophagus using Neutrons,23/09/2021
Coffee - Decafenated,68,"Dilate R Pulm Vein w Drug-elut Intra, Perc Endo",08/08/2021
Pork - Smoked Kassler,28,"Replace of Gastric Vein with Synth Sub, Perc Endo Approach",13/07/2021
Banana,40,"Division of Right Lower Femur, Open Approach",03/03/2021
Squid Ink,16,"Revision of Autol Sub in L Auditory Ossicle, Endo",02/03/2021
Wheat - Soft Kernal Of Wheat,21,"Reposition Lower Tooth, Single, External Approach",17/09/2021
Oven Mitts - 15 Inch,24,"Dilation of Left Main Bronchus, Open Approach",14/05/2021
Oil - Macadamia,88,"Revision of Synthetic Substitute in Omentum, Perc Approach",29/05/2021
Soup Bowl Clear 8oz92008,93,"Measurement of Gastrointestinal Pressure, Via Opening",25/07/2021
Dried Apple,51,"Replace L Com Iliac Art w Autol Sub, Perc Endo",13/02/2021
Juice - V8 Splash,90,"Drainage of Bi Adrenal Gland with Drain Dev, Perc Approach",10/06/2021
Dc Hikiage Hira Huba,95,"Replace of R Finger Phalanx with Autol Sub, Perc Approach",10/01/2022
"Wine - Red, Wolf Blass, Yellow",16,"Bypass Trans Colon to Desc Colon w Nonaut Sub, Perc Endo",01/08/2021
Langers - Cranberry Cocktail,16,"Supplement Right Face Vein with Nonaut Sub, Perc Approach",04/08/2021
Flavouring - Rum,40,Comm/Cognit Skill Treatment of Neuro Body using Oth Equip,22/08/2021
Lemon Balm - Fresh,98,"Dilate L Hand Art, Bifurc, w 2 Drug-elut, Open",04/04/2021
Truffle Shells - White Chocolate,97,"Introduction of Oth Antineoplastic into Bil/Panc Tract, Endo",09/08/2021
Wasabi Powder,15,"Destruction of Bilateral Spermatic Cords, Open Approach",07/07/2021
Water Chestnut - Canned,39,"Replacement of L Low Eyelid with Synth Sub, Perc Approach",07/12/2021
Lamb Shoulder Boneless Nz,99,"Repair Thoracic Vertebra, Open Approach",06/03/2021
Cookie Choc,40,"Restrict R Pulm Vein w Intralum Dev, Perc Endo",14/07/2021
"Soup - French Onion, Dry",34,"Bypass L Int Iliac Art to L Femor A w Autol Art, Perc Endo",09/01/2022
Butter Sweet,5,"Revision of Monitoring Device in Urethra, External Approach",31/07/2021
Otomegusa Dashi Konbu,5,Fluoroscopy of Left Common Carotid Artery,13/07/2021
Veal - Eye Of Round,14,"Removal of Monitor Dev from Endocrine Gland, Extern Approach",03/06/2021
Beef - Top Sirloin,22,"Removal of Extraluminal Device from Up Intest Tract, Endo",20/03/2021
Mountain Dew,61,"Dilate R Post Tib Art, Bifurc, w 4+ Intralum Dev, Open",19/10/2021
Mayonnaise,54,"Revision of Synth Sub in Cerv Disc, Extern Approach",08/12/2021
Syrup - Pancake,77,"Revision of Nonaut Sub in Tracheobronc Tree, Open Approach",29/07/2021
"Bread - Sticks, Thin, Plain",94,"Measurement of Respiratory Total Activity, Endo",04/02/2022
Muffin Mix - Blueberry,98,"Excision of Left Clavicle, Percutaneous Endoscopic Approach",21/04/2021
Wine - Lamancha Do Crianza,32,"Eye, Removal",04/05/2021
Juice - Happy Planet,10,"Alteration of Left Buttock, Percutaneous Approach",29/10/2021
Allspice - Jamaican,58,"Excision of Right Inner Ear, Open Approach",05/01/2022
Milk 2% 500 Ml,62,"Revision of Autol Sub in Mediastinum, Extern Approach",28/11/2021
"Seedlings - Buckwheat, Organic",40,"Insertion of Neuro Lead into R Innom Vein, Open Approach",08/11/2021
Pasta - Angel Hair,17,"Fluoroscopy of R Renal Vein using H Osm Contrast, Guidance",15/11/2021
Pepper - Chili Powder,22,"Dilate of R Foot Art with 2 Intralum Dev, Perc Endo Approach",21/10/2021
Towel Dispenser,17,"Restriction of R Neck Lymph with Intralum Dev, Perc Approach",21/12/2021
"Pepper - Chipotle, Canned",62,"Revision of Nonaut Sub in L Wrist Jt, Perc Approach",08/02/2022
Milk 2% 500 Ml,90,"Drainage of Right Middle Lobe Bronchus with Drain Dev, Endo",13/05/2021
Scallop - St. Jaques,79,"Insertion of Intralum Dev into Portal Vein, Perc Approach",06/05/2021
Lettuce - Baby Salad Greens,35,Plain Radiography of L Up Extrem Vein using L Osm Contrast,12/07/2021
Steamers White,98,"Extirpation of Matter from Cul-de-sac, Via Opening",18/11/2021
"Lamb - Whole, Frozen",56,"Bypass Ileum to Cecum with Autol Sub, Perc Endo Approach",07/07/2021
Scallop - St. Jaques,52,"Reattachment of Uterine Supporting Structure, Open Approach",07/06/2021
"Potatoes - Yukon Gold, 80 Ct",35,"Reposition Left Glenoid Cavity, Perc Endo Approach",11/08/2021
Basil - Pesto Sauce,24,CT Scan of Ear using L Osm Contrast,15/01/2022
Shrimp - 31/40,14,"Repair L Up Leg Subcu/Fascia, Perc Approach",06/08/2021
Oil - Peanut,56,"Restrict of Sup Vena Cava with Extralum Dev, Perc Approach",13/12/2021
Savory,67,"Transfer R Low Arm & Wrist Tendon, Perc Endo Approach",29/12/2021
Persimmons,39,CT Scan of Renal Art Transplant using Oth Contrast,01/04/2021
Duck - Legs,28,"Excision of C-thor Disc, Perc Endo Approach, Diagn",30/04/2021
Crackers - Soda / Saltins,75,"Insertion of Radioact Elem into Mediastinum, Perc Approach",07/03/2021
"Veal - Shank, Pieces",76,"Drain of Buttock Subcu/Fascia with Drain Dev, Open Approach",20/11/2021
Fondant - Icing,59,"Occlusion of Abd Aorta with Intralum Dev, Perc Approach",24/05/2021
Liquid Aminios Acid - Braggs,56,Removal of Packing Material on Right Lower Leg,31/08/2021
Soup - Campbells Pasta Fagioli,88,"Revision of Nonaut Sub in L Femur Shaft, Perc Approach",08/10/2021
"Yogurt - Blueberry, 175 Gr",41,"Release Lumbar Nerve, Percutaneous Endoscopic Approach",18/12/2021
Tuna - Loin,30,"Excision of Rectum, Percutaneous Endoscopic Approach",07/09/2021
Coffee - Flavoured,24,"Restrict Cisterna Chyli w Intralum Dev, Perc Endo",04/01/2022
Everfresh Products,23,"Introduction of Analg/Hypnot/Sedat into Fem Reprod, Endo",04/06/2021
Pork - European Side Bacon,37,"Drainage of Duodenum with Drainage Device, Perc Approach",29/12/2021
Carbonated Water - Raspberry,56,"Release Appendix, Percutaneous Approach",29/09/2021
"Crab - Dungeness, Whole",60,HDR Brachytherapy of Mediastinum using Californium 252,16/02/2021
Cheese - Sheep Milk,86,"Excision of Lesser Omentum, Open Approach",22/06/2021
Bread Sour Rolls,56,"Insertion of Feeding Device into Jejunum, Perc Approach",10/11/2021
Cheese - Cambozola,83,"Excision of Right Common Carotid Artery, Open Approach",04/10/2021
Wine - Carmenere Casillero Del,47,"Transfer R Low Leg Subcu/Fascia w Skin, Subcu, Perc",15/11/2021
Squid - Tubes / Tenticles 10/20,7,"Destruction of Right Axillary Lymphatic, Perc Approach",23/03/2021
Muffin - Zero Transfat,37,"Reposition Right Mandible, Open Approach",17/12/2021
Sambuca - Opal Nera,60,"Revision of Nonaut Sub in L Tibia, Open Approach",25/08/2021
"Gin - Gilbeys London, Dry",62,"Introduction of Oth Therap Subst into Resp Tract, Endo",17/08/2021
"Pasta - Lasagna, Dry",41,"Transfer Oculomotor Nerve to Olfact Nrv, Perc Endo Approach",01/01/2022
Cup - 8oz Coffee Perforated,8,"Insert Infusion Dev in Inf Vena Cava, Perc Endo",23/06/2021
"Pork - Butt, Boneless",1,Plain Radiography of Right Humerus,27/07/2021
Tea Peppermint,46,"Supplement Left Cephalic Vein with Synth Sub, Perc Approach",09/05/2021
Pepper - Chilli Seeds Mild,14,"Bypass Ileum to Transverse Colon with Autol Sub, Endo",29/07/2021
Sauce Tomato Pouch,28,"Occlusion L Low Lobe Bronc w Extralum Dev, Open",23/10/2021
"Olives - Black, Pitted",30,"Revision of Infusion Device in Penis, Open Approach",08/02/2022
Buffalo - Striploin,62,"Insertion of Infusion Dev into Hepatobil Duct, Via Opening",02/05/2021
Maintenance Removal Charge,74,"Insert Infusion Dev in L Ext Jugular Vein, Perc",02/12/2021
Huck Towels White,53,"Supplement R Thyroid Art with Synth Sub, Open Approach",20/03/2021
Tarts Assorted,57,"Destruction of Skull, Open Approach",19/08/2021
Nut - Macadamia,80,"Replacement of Right Ulna with Nonaut Sub, Open Approach",03/06/2021
"Crab - Claws, 26 - 30",51,"Insert of Infusion Pump into Abd Subcu/Fascia, Perc Approach",26/02/2021
Kaffir Lime Leaves,37,"Drainage of Right External Iliac Vein, Perc Endo Approach",13/11/2021
Soy Protein,73,"Revision of Int Fix in L Sternoclav Jt, Perc Endo Approach",16/01/2022
Jam - Apricot,16,"Bypass R Axilla Art to R Low Leg Art w Nonaut Sub, Open",01/03/2021
Langers - Mango Nectar,95,"Fusion of R Metacarpophal Jt with Autol Sub, Open Approach",15/08/2021
"Nut - Chestnuts, Whole",5,"Reposition Left Metacarpal, External Approach",26/11/2021
Wine - Alicanca Vinho Verde,59,"Alteration of L Ext Ear with Synth Sub, Perc Approach",22/12/2021
Glass Clear 7 Oz Xl,79,"Bypass L Ulnar Art to Low Arm Vein w Autol Art, Open",11/01/2022
Tart - Pecan Butter Squares,86,Immobilization of Right Upper Extremity using Other Device,09/03/2021
Beer - True North Lager,22,"Excision of Left Frontal Sinus, Perc Endo Approach, Diagn",18/06/2021
Soup Campbells,68,"Excision of Left Common Carotid Artery, Perc Approach, Diagn",09/11/2021
"Oranges - Navel, 72",60,"Insertion of Infusion Device into Lower Vein, Perc Approach",28/07/2021
Orange - Tangerine,30,"Supplement Right Radius with Nonaut Sub, Perc Endo Approach",21/07/2021
Rice - 7 Grain Blend,78,"Dilation of L Int Carotid with 3 Drug-elut, Open Approach",24/11/2021
"Mushroom - Chanterelle, Dry",48,Stereotactic Other Photon Radiosurgery of Peripheral Nerve,22/07/2021
"Veal - Round, Eye Of",12,"Release Tricuspid Valve, Percutaneous Endoscopic Approach",30/04/2021
Towel - Roll White,1,"Resection of Anal Sphincter, Perc Endo Approach",31/03/2021
Spice - Peppercorn Melange,49,"Insertion of Intralum Dev into Lg Intest, Open Approach",12/04/2021
Pepper Squash,82,"Extirpation of Matter from L Int Jugular Vein, Perc Approach",05/01/2022
Oil - Shortening - All - Purpose,68,"Removal of Synthetic Substitute from Coccyx, Perc Approach",16/02/2021
Pastry - Banana Muffin - Mini,38,"Supplement R Shoulder Jt with Synth Sub, Perc Approach",21/03/2021
"Soup - Campbells, Classic Chix",46,"Supplement Right 5th Toe with Autol Sub, Perc Endo Approach",23/07/2021
"Coffee - Beans, Whole",44,"Reposition Left Ankle Joint with Int Fix, Extern Approach",15/03/2021
Ham - Cooked,11,"Revision of Autol Sub in Lumsac Jt, Perc Endo Approach",20/06/2021
Rice - Basmati,49,"Repair Left Pelvic Bone, Percutaneous Endoscopic Approach",06/03/2021
Tomato Puree,29,"Insertion of Infusion Device into Splenic Art, Open Approach",09/12/2021
Olive - Spread Tapenade,82,"Replacement of Left Ventricle with Synth Sub, Open Approach",20/11/2021
Apple - Northern Spy,83,"Release Left Sternoclavicular Joint, Perc Endo Approach",24/09/2021
Rice - Long Grain,75,"Release Lumbar Nerve, Percutaneous Endoscopic Approach",23/01/2022
Wine - Spumante Bambino White,62,"Extirpation of Matter from L Pulm Art, Perc Approach",05/05/2021
Chicken - Leg / Back Attach,38,"Drainage of Left Metatarsal-Phalangeal Joint, Perc Approach",01/02/2022
Truffle Cups - White Paper,92,"Nuclear Medicine, Heart, Nonimaging Nuclear Medicine Probe",15/02/2021
Quail - Jumbo Boneless,53,"Excision of Right Hip Muscle, Perc Endo Approach",07/08/2021
Turkey - Ground. Lean,94,"Fusion Lum Jt w Nonaut Sub, Post Appr P Col, Perc Endo",21/10/2021
Cheese - Valancey,6,"Fusion >7 T Jt w Synth Sub, Post Appr A Col, Perc",19/12/2021
"Lid - High Heat, Super Clear",5,"Supplement Pelvic Subcu/Fascia w Autol Sub, Perc",16/12/2021
"Crab - Blue, Frozen",47,"Excision of Lower Jaw, External Approach, Diagnostic",18/10/2021
Yeast Dry - Fleischman,74,Exercise Treatment of Resp Body using Physical Agent,21/10/2021
Wine - Piper Heidsieck Brut,14,"Fusion of R Finger Phalanx Jt with Autol Sub, Open Approach",09/12/2021
Veal - Inside,7,"Excision of Left Lower Leg Muscle, Percutaneous Approach",08/10/2021
Water - Perrier,53,"Fusion Lumsac Jt w Nonaut Sub, Ant Appr A Col, Open",27/11/2021
Pastry - Raisin Muffin - Mini,24,"Inspection of Skull, Percutaneous Approach",24/01/2022
Flavouring - Orange,83,"Repair Left Lower Arm Skin, External Approach",03/03/2021
"Tortillas - Flour, 10",19,"Release Cystic Duct, Percutaneous Endoscopic Approach",30/03/2021
"Gingerale - Schweppes, 355 Ml",97,Dressing of Right Foot using Bandage,13/04/2021
Wine - Conde De Valdemar,69,"Insertion of Feeding Device into Esophagus, Open Approach",12/02/2021
Wine - George Duboeuf Rose,23,"Excision of Left Ulna, Open Approach",06/07/2021
Munchies Honey Sweet Trail Mix,76,"Removal of Drainage Device from Right Ear, Perc Approach",01/11/2021
Coffee Guatemala Dark,22,"Dilate L Int Iliac Art, Bifurc, w Drug-elut Intra, Perc",19/06/2021
"Pasta - Linguini, Dry",95,"Revision of Neurostimulator Lead in Brain, Perc Approach",03/08/2021
Vodka - Moskovskaya,17,"Insertion of Hybrid Ext Fix into R Low Femur, Perc Approach",01/11/2021
Wine - Rubyport,26,"Restriction of L Colic Art with Extralum Dev, Open Approach",04/08/2021
Sugar - Invert,49,"Chiropractic Manipulation of Rib Cage, Mechanically Assisted",23/09/2021
Yokaline,29,"Revision of Spacer in Left Hip Joint, External Approach",25/01/2022
Sugar - Fine,27,"Dilation of Right Femoral Artery, Bifurcation, Perc Approach",22/01/2022
Wine - Shiraz Wolf Blass Premium,55,"Control Bleeding in Cranial Cavity, Perc Endo Approach",05/06/2021
Bread - White Epi Baguette,45,"Restriction of Low Esophag with Extralum Dev, Open Approach",13/09/2021
"Rum - Coconut, Malibu",9,"CT Scan B Tracheobronc Tree w H Osm Contrast, Unenh, Enhance",31/10/2021
"Peas - Pigeon, Dry",87,"Reposition Left Sternoclavicular Joint, Open Approach",27/05/2021
Beer - Moosehead,34,"Drainage of Ileocecal Valve with Drain Dev, Perc Approach",21/09/2021
Cookie Dough - Oatmeal Rasin,37,"Drain of Perineum Subcu/Fascia with Drain Dev, Perc Approach",19/11/2021
"Nut - Pine Nuts, Whole",12,"Bypass Right Hepatic Duct to L Hep Duc, Perc Endo Approach",09/04/2021
Nantucket Apple Juice,32,"Repair Left Femoral Shaft, Open Approach",14/03/2021
"Beef - Tenderlion, Center Cut",52,"Insertion of Hybrid Ext Fix into R Radius, Open Approach",25/09/2021
Milkettes - 2%,84,"Occlusion of R Popl Art with Intralum Dev, Open Approach",18/01/2022
Wine - Remy Pannier Rose,20,"Revision of Infusion Dev in Fem Perineum, Perc Endo Approach",07/09/2021
"Shrimp, Dried, Small / Lb",65,"Division of Pituitary Gland, Percutaneous Approach",07/09/2021
Smoked Tongue,34,"Release Abdominal Aorta, Percutaneous Approach",16/10/2021
Squeeze Bottle,64,"Supplement Left Axilla with Nonaut Sub, Open Approach",14/08/2021
Nacho Chips,32,"Extirpation of Matter from R Com Iliac Vein, Perc Approach",31/05/2021
Eggplant - Regular,7,"Revise Synth Sub in R Metatarsophal Jt, Perc Endo",27/05/2021
Rice - Jasmine Sented,72,"Urinary System, Occlusion",11/01/2022
Table Cloth 120 Round White,70,Change Packing Material on Right Upper Leg,02/11/2021
Wine - Semi Dry Riesling Vineland,82,"Supplement Bilateral Breast with Synthetic Substitute, Endo",22/04/2021
"Melon - Watermelon, Seedless",94,"Occlusion of Gastric Vein, Open Approach",07/03/2021
"Tabasco Sauce, 2 Oz",72,"Destruction of Left Temporomandibular Joint, Open Approach",28/10/2021
Mustard - Pommery,18,"Bypass L Great Saphenous to Low Vein, Open Approach",13/01/2022
Durian Fruit,57,"Reposition Right Orbit, External Approach",18/06/2021
Shortbread - Cookie Crumbs,85,HDR Brachytherapy of Pelvis Lymph using Iodine 125,27/06/2021
Cocktail Napkin Blue,80,"Supplement L Foot Tendon with Synth Sub, Perc Endo Approach",25/10/2021
Wine - Savigny - Les - Beaune,18,Ultrasonography of Superior Vena Cava,17/09/2021
Table Cloth 72x144 White,5,"Drainage of Hymen, Percutaneous Approach, Diagnostic",18/09/2021
Cheese - Swiss Sliced,62,Hyperthermia of Bladder,09/06/2021
Longos - Grilled Chicken With,10,"Dilation of Anus with Intraluminal Device, Perc Approach",10/02/2022
Smoked Tongue,7,"Insertion of Infusion Dev into R Post Tib Art, Open Approach",19/01/2022
Eggs - Extra Large,3,Beam Radiation of Liver using Photons >10 MeV,01/02/2022
Creme De Cacao Mcguines,20,"Robot Assist of Head and Neck, Perc Endo Approach",29/11/2021
Halibut - Steaks,56,"Destruction of Right External Ear, Percutaneous Approach",29/10/2021
"Juice - Clamato, 341 Ml",40,"Inspection of Right Sternoclavicular Joint, Perc Approach",08/05/2021
Glove - Cutting,63,"Insert of Radioact Elem into Resp Tract, Perc Endo Approach",19/03/2021
Table Cloth 53x69 White,76,"Dilate R Axilla Art, Bifurc, w 4+ Intralum Dev, Perc Endo",04/07/2021
"Beef - Ground, Extra Lean, Fresh",98,"Repair Right Internal Carotid Artery, Percutaneous Approach",26/03/2021
Tea - Herbal Orange Spice,84,"Dilation of Urethra, Open Approach",28/12/2021
Beer - Sleemans Honey Brown,22,"Repair Left 3rd Toe, Percutaneous Approach",08/01/2022
"Bread - Roll, Soft White Round",9,"Removal of Other Device from Mediastinum, Perc Endo Approach",13/10/2021
Curry Paste - Madras,45,"Release Right Subclavian Vein, Percutaneous Approach",27/12/2021
Extract - Lemon,63,"Drainage of Right Axillary Lymphatic, Open Approach, Diagn",05/03/2021
The Pop Shoppe - Cream Soda,35,"Excision of Stomach, Open Approach",12/03/2021
Banana,39,"Drainage of Right Mastoid Sinus, Percutaneous Approach",23/03/2021
Wine - Shiraz Wolf Blass Premium,92,"Reposition Right Ulna with Ext Fix, Open Approach",29/01/2022
Cape Capensis - Fillet,8,"Drainage of Right Toe Phalanx, Percutaneous Approach",27/06/2021
Yeast Dry - Fermipan,32,"Drainage of Upper Gingiva, External Approach, Diagnostic",25/08/2021
Juice - Cranberry 284ml,11,"Drainage of Oculomotor Nerve, Open Approach, Diagnostic",27/09/2021
Muffin - Carrot Individual Wrap,3,"Revision of Int Fix in Thor Vertebra, Perc Approach",21/12/2021
"Rum - Dark, Bacardi, Black",63,"Removal of Autol Sub from R Tarsal, Perc Endo Approach",20/04/2021
"Wine - White, Mosel Gold",5,"Monitoring of Arterial Flow, Pulmonary, Open Approach",02/05/2021
Beer - Blue Light,50,"Dilation of Low Art, Bifurc, with 4 Drug-elut, Perc Approach",04/05/2021
Swordfish Loin Portions,35,"Supplement Nasal Bone with Synth Sub, Perc Approach",12/09/2021
Pears - Bosc,72,"Release Left Lower Leg Skin, External Approach",24/11/2021
Cookies - Englishbay Wht,66,Beam Radiation of Pancreas using Neutrons,11/08/2021
Cabbage - Green,24,"Restriction of Right Vertebral Vein, Perc Endo Approach",08/03/2021
Wine - Maipo Valle Cabernet,78,"Removal of Infusion Device from Thor Disc, Extern Approach",02/12/2021
Alize Gold Passion,37,"Reposition L Ulna with Monopln Ext Fix, Perc Endo Approach",28/06/2021
Cranberry Foccacia,50,"Fusion R Finger Phalanx Jt w Nonaut Sub, Perc Endo",05/04/2021
Container - Foam Dixie 12 Oz,76,"Removal of Radioactive Element from Resp Tract, Via Opening",01/05/2021
Chips - Miss Vickies,97,"Replace of R Toe Phalanx Jt with Synth Sub, Open Approach",21/10/2021
Shrimp - Black Tiger 8 - 12,41,"Revision of Synthetic Substitute in L Auditory Ossicle, Endo",29/10/2021
Versatainer Nc - 9388,32,"Bypass R Ureter to Cutan with Nonaut Sub, Perc Endo Approach",22/11/2021
Oranges,51,Cochlear Implant Rehabilitation Treatment using Audiometer,11/02/2021
"Cheese - Romano, Grated",53,"Restriction of Pulm Trunk with Extralum Dev, Open Approach",31/03/2021
Chocolate - Dark Callets,20,"Restriction of Rectum, Open Approach",18/10/2021
Plasticknivesblack,18,"Supplement L Int Iliac Art with Synth Sub, Open Approach",31/01/2022
Dc Hikiage Hira Huba,16,"Inspection of Low Extrem Subcu/Fascia, Perc Approach",15/04/2021
"Juice - Apple, 1.36l",4,"Dilate R Foot Art, Bifurc, w Intralum Dev, Open",16/09/2021
"Noodles - Cellophane, Thin",27,"Release Right Extraocular Muscle, Open Approach",15/09/2021
Jolt Cola - Red Eye,65,Beam Radiation of Brain Stem using Electrons,29/12/2021
Table Cloth 81x81 White,96,"Removal of Diaphragm Lead from Diaphragm, Perc Endo Approach",06/05/2021
Broom - Push,21,"Replacement of L Up Eyelid with Autol Sub, Open Approach",07/07/2021
Island Oasis - Magarita Mix,97,"Drainage of Facial Nerve, Percutaneous Approach",04/11/2021
"Fish - Artic Char, Cold Smoked",99,"Excision of Right Cephalic Vein, Perc Endo Approach, Diagn",17/07/2021
"Beans - Kidney, Red Dry",77,"Removal of Synthetic Substitute from Right Ear, Endo",30/09/2021
Icecream - Dibs,3,"Drainage of Subarachnoid Space with Drain Dev, Open Approach",03/05/2021
Appetizer - Tarragon Chicken,76,"Revision of Spacer in Left Carpal Joint, Perc Approach",26/02/2021
Coffee Guatemala Dark,79,"Supplement Cerv Disc with Nonaut Sub, Perc Endo Approach",11/11/2021
Gherkin - Sour,16,Plain Radiography of Splenic Arteries using Other Contrast,01/09/2021
Duck - Whole,32,"Removal of Spacer from L Metatarsotars Jt, Open Approach",28/06/2021
Chick Peas - Dried,97,"Bypass Cereb Vent to Periton Cav w Nonaut Sub, Open",04/10/2021
Wine - Chateau Aqueria Tavel,90,"Resection of Left Vas Deferens, Open Approach",16/10/2021
"Jam - Blackberry, 20 Ml Jar",55,Plain Radiography of Left Scapula,01/08/2021
Flower - Potmums,48,"Supplement Rectum with Synthetic Substitute, Via Opening",20/11/2021
Soup - French Onion,86,"Replacement of Left Atrium with Synth Sub, Open Approach",21/12/2021
Wine - Vineland Estate Semi - Dry,55,"Alteration of Nose with Synthetic Substitute, Perc Approach",04/02/2022
Jello - Assorted,15,"Repair Female Reproductive System in POC, Open Approach",02/02/2022
Trueblue - Blueberry,61,"Reposition Left Sphenoid Bone with Int Fix, Open Approach",18/01/2022
"Bread - Pumpernickle, Rounds",70,"Dilate L Thyroid Art, Bifurc, w 2 Drug-elut, Perc",02/04/2021
Bread Crumbs - Panko,30,"Revision of Spacer in Left Elbow Joint, Perc Approach",31/08/2021
"Juice - Cranberry, 341 Ml",52,"Reposition Right Temporal Artery, Open Approach",20/01/2022
Salmon - Sockeye Raw,47,"Dilation of Inf Vena Cava with Intralum Dev, Perc Approach",22/01/2022
Cake - Mini Potato Pancake,99,"Fusion Cerv Jt w Nonaut Sub, Post Appr P Col, Perc Endo",05/06/2021
Shortbread - Cookie Crumbs,94,"Reposition Left Upper Arm Muscle, Perc Endo Approach",18/07/2021
Vegetable - Base,97,"Destruction of Left Clavicle, Percutaneous Approach",31/12/2021
Oregano - Fresh,17,"Occlusion R Great Saphenous w Intralum Dev, Perc Endo",21/09/2021
Pate Pans Yellow,7,"Removal of Ext Fix from L Knee Jt, Open Approach",07/08/2021
Bread - Corn Muffaleta Onion,25,"Dilation of R Com Carotid, Bifurc, Perc Endo Approach",18/05/2021
Carbonated Water - Raspberry,11,"Resection of Spleen, Percutaneous Endoscopic Approach",20/09/2021
Miso - Soy Bean Paste,30,"Drainage of R Int Jugular Vein with Drain Dev, Open Approach",13/06/2021
"Pepper - Black, Ground",15,"Repair Esophagus, Open Approach",07/02/2022
Bread - Hot Dog Buns,56,"Bypass Trans Colon to Rectum with Autol Sub, Open Approach",04/02/2022
Skirt - 24 Foot,79,"Destruction of Right Lower Lobe Bronchus, Perc Endo Approach",16/03/2021
Energy Drink Red Bull,91,"Bypass Trachea to Cutaneous with Trach Dev, Open Approach",15/02/2021
"Lentils - Red, Dry",52,"Repair Right Hand Muscle, Percutaneous Approach",16/02/2021
Bread Base - Toscano,62,"Drainage of Left Renal Vein, Perc Endo Approach, Diagn",03/10/2021
Wine - Fat Bastard Merlot,31,"Reposition Right Upper Eyelid, External Approach",16/09/2021
Coffee - Frthy Coffee Crisp,51,"Replace Buttock Subcu/Fascia w Nonaut Sub, Open",05/01/2022
"Cherries - Maraschino,jar",19,"Dilate of Innom Art, Bifurc, with 4 Drug-elut, Open Approach",01/11/2021
Longos - Chicken Curried,26,"Division of Perineum Tendon, Perc Endo Approach",30/09/2021
Plate Foam Laminated 9in Blk,17,"Reposition Right Internal Jugular Vein, Perc Endo Approach",28/11/2021
Shiro Miso,90,"Release Left Sublingual Gland, Percutaneous Approach",14/05/2021
The Pop Shoppe - Lime Rickey,76,"Excision of Portal Vein, Percutaneous Approach, Diagnostic",14/06/2021
Garlic Powder,27,"Bypass Cereb Vent to Periton Cav w Synth Sub, Perc",26/03/2021
Sambuca Cream,15,"Revision of Synthetic Substitute in Larynx, Via Opening",20/06/2021
Garam Masala Powder,75,Range of Motion and Joint Mobility Treatment of Integu Body,24/10/2021
Flavouring Vanilla Artificial,39,"Occlusion of Celiac Artery with Extralum Dev, Perc Approach",13/05/2021
Beef - Ox Tongue,31,"Drainage of Bilateral Vas Deferens, Percutaneous Approach",11/02/2021
Ham - Black Forest,66,"Revision of Autol Sub in Pulm Valve, Perc Endo Approach",13/07/2021
Milk - 2%,15,"Extirpation of Matter from L Up Lung Lobe, Perc Approach",06/05/2021
Flour - Whole Wheat,54,"Beam Radiation of Leg Skin using Electrons, Intraoperative",05/03/2021
Rice - 7 Grain Blend,70,"Alteration of Neck with Autol Sub, Open Approach",25/06/2021
Coconut - Whole,57,"Dilation of Celiac Artery, Percutaneous Approach",14/06/2021
Bread - Petit Baguette,28,"Bypass Cereb Vent to Pleural Cav w Nonaut Sub, Perc",18/04/2021
"Wine - White, Schroder And Schyl",11,"Occlusion of R Com Carotid with Intralum Dev, Open Approach",06/04/2021
Baking Soda,56,"Release Left Breast, Percutaneous Approach",21/07/2021
Sobe - Berry Energy,79,"Transfer Abducens Nerve to Optic Nerve, Perc Endo Approach",13/09/2021
Bacardi Mojito,71,"Reposition L Carpal Jt with Ext Fix, Perc Endo Approach",27/01/2022
Bread Crumbs - Panko,7,"Drainage of Bilateral Adrenal Glands, Open Approach",12/12/2021
Cup - Paper 10oz 92959,59,"Fusion of Right Sternoclavicular Joint, Perc Endo Approach",12/04/2021
Pastry - Trippleberry Muffin - Mini,38,Removal of Splint on Right Upper Arm,03/07/2021
"Beans - Long, Chinese",34,"Restriction of Ascending Colon with Intralum Dev, Endo",10/03/2021
Truffle - Whole Black Peeled,27,"Removal of Synth Sub from R Extraoc Muscle, Open Approach",04/07/2021
"Wine - Red, Wolf Blass, Yellow",15,"Extirpate matter from 2 Cor Art, Orbit Athrect, New Tech 1",01/08/2021
Tea - Decaf Lipton,76,"Excision of Right Hepatic Duct, Via Opening, Diagn",17/01/2022
Sword Pick Asst,41,"Dilate of R Fem Art, Bifurc, with 4 Drug-elut, Perc Approach",23/02/2021
Rum - Mount Gay Eclipes,90,"Supplement Large Intestine with Synth Sub, Open Approach",07/11/2021
Potatoes - Mini Red,81,Magnetic Resonance Imaging (MRI) of Left Ovary,11/10/2021
Mint - Fresh,65,"Excision of Thoracic Vertebra, Open Approach",01/12/2021
"Wine - Cahors Ac 2000, Clos",81,"Restrict of Head Lymph with Intralum Dev, Perc Endo Approach",04/05/2021
Rice - Sushi,61,"Resection of Right Diaphragm, Open Approach",01/04/2021
Sugar - Invert,8,"Destruction of Lingula Bronchus, Perc Endo Approach",16/11/2021
Icecream - Dibs,43,"CT Scan of R & L Heart using L Osm Contrast, Unenh, Enhance",01/02/2022
Browning Caramel Glace,32,"Removal of Monitoring Device from Stomach, Endo",29/04/2021
"Pasta - Spaghetti, Dry",22,"Drainage of Lower Lip, Percutaneous Approach, Diagnostic",23/07/2021
"Bread - White, Sliced",62,"Revision of Int Fix in L Clavicle, Open Approach",23/12/2021
Cookie Chocolate Chip With,43,"Occlusion of Left Upper Lobe Bronchus, Via Opening",08/10/2021
Syrup - Pancake,63,"Control Bleeding in Face, Percutaneous Endoscopic Approach",09/02/2022
Silicone Parch. 16.3x24.3,76,"Reposition Right Pelvic Bone, Percutaneous Approach",25/08/2021
Eggplant - Asian,20,"Insertion of Intralum Dev into R Femor Vein, Open Approach",17/05/2021
Bread - Triangle White,71,"Revision of Synth Sub in L Fibula, Extern Approach",26/02/2021
Cheese - Wine,73,"Dilate L Int Mamm Art, Bifurc, w 4 Drug-elut, Perc",17/01/2022
Squid U5 - Thailand,27,"Inspection of Right Temporomandibular Joint, Open Approach",04/11/2021
"Jam - Strawberry, 20 Ml Jar",32,"Repair Olfactory Nerve, Percutaneous Approach",07/02/2022
Bouq All Italian - Primerba,89,"Removal of Drain Dev from R Extraoc Muscle, Perc Approach",27/09/2021
Bread - Bistro White,49,"Resection of Right Tympanic Membrane, Open Approach",12/10/2021
"Soup - French Onion, Dry",66,"Bypass Jejunum to Ileum with Nonaut Sub, Perc Endo Approach",28/06/2021
Beer - Camerons Auburn,87,"Dilate R Thyroid Art, Bifurc, w 2 Intralum Dev, Open",28/12/2021
Chambord Royal,57,"Bypass Abd Aorta to R Com Ilia with Autol Art, Open Approach",21/04/2021
Gingerale - Diet - Schweppes,13,"Repair Right Elbow Region, Percutaneous Approach",01/12/2021
Bread - Flat Bread,61,"Chiropractic Manipulation of Abdomen, Short Lever",26/12/2021
Numi - Assorted Teas,21,"Bypass R Brach Vein to Up Vein w Synth Sub, Perc Endo",03/10/2021
"Juice - Apple, 341 Ml",93,Beam Radiation of Other Bone using Neutrons,12/04/2021
Papayas,23,"Dilate R Fem Art w Drug-elut Intra, Drug Blln, Open",29/07/2021
Tequila - Sauza Silver,17,"Dilate R Radial Art, Bifurc, w 4+ Intralum Dev, Open",07/07/2021
Remy Red Berry Infusion,42,"Dilate L Hand Art, Bifurc, w 4 Drug-elut, Open",03/12/2021
"Wine - Red, Metus Rose",94,"Release Right Knee Joint, Open Approach",17/04/2021
Cheese - Valancey,10,"Removal of Synth Sub from L Ankle Jt, Open Approach",25/06/2021
"Artichokes - Knobless, White",35,"Measurement of POC, Cardiac Rhythm, Via Opening",23/12/2021
Cake - Cake Sheet Macaroon,82,"Removal of Autol Sub from Kidney, Via Opening",13/08/2021
"Wine - White, Pelee Island",71,"Dilation of Right Femoral Artery, Percutaneous Approach",04/09/2021
Beer - Camerons Cream Ale,34,Planar Nucl Med Imag of Chest & Abd using Indium 111,28/11/2021
Lady Fingers,52,"Excision of Lumbar Spinal Cord, Open Approach",11/03/2021
Tequila Rose Cream Liquor,30,"Revision of Autol Sub in Stomach, Via Opening",21/08/2021
"Beef - Cooked, Corned",7,"Revise of Extralum Dev in Epididymis/Sperm Cord, Via Opening",20/12/2021
Longos - Chicken Curried,95,"Extirpation of Matter from Trochlear Nerve, Open Approach",16/11/2021
Ecolab - Lime - A - Way 4/4 L,13,"Destruction of C-thor Disc, Perc Endo Approach",05/12/2021
Pork - Suckling Pig,79,"Bypass R Com Iliac Art to L Renal A w Autol Art, Open",19/12/2021
"Sauce - Apple, Unsweetened",87,"Insertion of Infusion Device into R Ventricle, Open Approach",01/02/2022
Juice - Ocean Spray Kiwi,25,"Chiropractic Manipulation Cervical Region, Indirect Visceral",05/10/2021
"Lemonade - Island Tea, 591 Ml",1,"Repair Right Shoulder Muscle, Perc Endo Approach",12/12/2021
Wine - Redchard Merritt,18,"Bypass R Axilla Art to Low Arm Vein w Synth Sub, Open",27/11/2021
Baking Powder,47,"Extirpation of Matter from Cereb Hemis, Perc Approach",20/06/2021
Foam Cup 6 Oz,90,"Excision of Right Foot Vein, Percutaneous Approach",18/03/2021
Olives - Morracan Dired,57,"Insert Infusion Dev in L Cephalic Vein, Perc Endo",16/11/2021
Bandage - Fexible 1x3,8,"Destruction of Right Femoral Vein, Percutaneous Approach",19/12/2021
Soup - French Onion,69,Planar Nucl Med Imag Lymph & Hemat Sys w Oth Radionuclide,21/06/2021
Wine - Mondavi Coastal Private,45,MRI of Parathyroid Gland using Oth Contrast,26/07/2021
Bread Sour Rolls,92,Plain Radiography of R Verteb Art using Oth Contrast,26/05/2021
Pants Custom Dry Clean,19,"Destruction of Left Vocal Cord, Open Approach",28/01/2022
Appetizer - Cheese Bites,45,Plain Radiography of R Ext Carotid using Oth Contrast,14/12/2021
"Oregano - Dry, Rubbed",33,"Release Right Elbow Bursa and Ligament, Open Approach",28/03/2021
Bread - Wheat Baguette,14,"Replacement of Bi Breast using GAP Flap, Open Approach",12/12/2021
Potatoes - Fingerling 4 Oz,19,"Occlusion of L Uter A with Intralum Dev, Perc Endo Approach",25/02/2021
Crackers - Soda / Saltins,49,Fluency Treatment using Biosensory Feedback Equipment,16/05/2021
Scallops - 20/30,68,"Supplement Left External Ear with Autol Sub, Extern Approach",13/04/2021
Wine - Alsace Riesling Reserve,56,High Dose Rate (HDR) Brachytherapy of Ear using Iodine 125,21/04/2021
Lettuce - Radicchio,31,"Dilation of Right Vertebral Artery, Perc Endo Approach",18/03/2021
Wine - Cousino Macul Antiguas,28,Beam Radiation of Abdomen using Photons >10 MeV,30/12/2021
Couscous,93,"Occlusion Int Mamm, L Lymph w Extralum Dev, Perc Endo",09/03/2021
Compound - Pear,33,"Repair Sacrum, Open Approach",13/06/2021
Plums - Red,71,"Insertion of Pace Lead into R Ventricle, Perc Endo Approach",09/10/2021
Water - San Pellegrino,62,"Drainage of Sciatic Nerve, Percutaneous Approach, Diagnostic",05/04/2021
Wine - Duboeuf Beaujolais,97,"Supplement Right Vocal Cord with Nonaut Sub, Endo",27/04/2021
Cafe Royale,32,"Alteration of Right Lower Arm with Synth Sub, Perc Approach",08/05/2021
Pan Grease,78,"Revision of Spacer in L Sacroiliac Jt, Perc Endo Approach",22/11/2021
"Beans - Turtle, Black, Dry",9,Fluoroscopy of Cervico-Cerebral Arch using L Osm Contrast,18/08/2021
Veal - Insides Provini,95,"Release Dura Mater, Open Approach",25/07/2021
Brandy Cherry - Mcguinness,67,"Reposition Right Knee Joint with Int Fix, Perc Endo Approach",07/04/2021
Appetizer - Crab And Brie,73,"Fusion 2-6 C Jt w Autol Sub, Post Appr P Col, Perc",06/06/2021
Persimmons,25,"Excision of Right Vertebral Vein, Perc Endo Approach, Diagn",23/02/2021
Absolut Citron,92,"Detachment at Right Shoulder Region, Open Approach",12/10/2021
Muffin Mix - Banana Nut,3,"Drainage of R Less Saphenous, Open Approach, Diagn",02/08/2021
Containter - 3oz Microwave Rect.,78,"Occlusion of Low Esophag with Extralum Dev, Open Approach",22/09/2021
Flower - Potmums,78,"Release Cystic Duct, Endo",22/12/2021
Soy Protein,16,"Removal of Intraluminal Device from R Ear, Extern Approach",24/08/2021
"Marjoram - Dried, Rubbed",91,"Extirpation of Matter from L Popl Art, Bifurc, Open Approach",14/03/2021
"Lemonade - Strawberry, 591 Ml",63,"Excision of Upper Esophagus, Endo",25/02/2021
Cake - Dulce De Leche,38,"Occlusion of Trachea with Extraluminal Device, Perc Approach",25/04/2021
Tuna - Salad Premix,50,Planar Nucl Med Imag of Digestive Sys using Oth Radionuclide,19/10/2021
Table Cloth 62x114 Colour,23,"Excision of Splenic Artery, Open Approach",09/06/2021
Bread - White Mini Epi,58,"Repair Right Metacarpal, Open Approach",29/01/2022
Wine - Chateau Bonnet,79,"Repair Skin in POC with Oth Dev, Perc Approach",03/05/2021
Rye Special Old,51,"Insertion of Int Fix into R Up Femur, Perc Approach",27/11/2021
"Basil - Dry, Rubbed",91,"Fusion 2-6 C Jt w Nonaut Sub, Post Appr A Col, Perc Endo",03/03/2021
"Cookies - Oreo, 4 Pack",29,"Revision of Infusion Device in R Up Extrem, Extern Approach",17/11/2021
"Pepsi, 355 Ml",7,"Division of Left Abdomen Bursa and Ligament, Open Approach",15/09/2021
Olives - Nicoise,88,"Supplement Middle Colic Artery with Synth Sub, Perc Approach",22/10/2021
Juice - V8 Splash,37,"Drainage of Appendix, Percutaneous Endoscopic Approach",29/08/2021
"Pasta - Fettuccine, Dry",39,"Extirpation of Matter from Right Tarsal, Perc Endo Approach",16/03/2021
Parsnip,83,"Excision of Vulva, Open Approach",07/07/2021
"Nut - Almond, Blanched, Ground",62,"Excision of Left Innominate Vein, Percutaneous Approach",09/10/2021
Sauce - Cranberry,57,Beam Radiation of Trachea using Photons >10 MeV,27/11/2021
Cocoa Butter,95,"Extirpate matter from R Hand Bursa/Lig, Perc Endo",05/05/2021
Cafe Royale,95,"Supplement Left Femoral Vein with Autol Sub, Perc Approach",06/10/2021
Cheese - Montery Jack,69,"Bypass L Ext Iliac Art to B Int Ilia, Open Approach",07/11/2021
Onion - Dried,40,"Insertion of Other Device into Respiratory Tract, Endo",19/06/2021
Rice - 7 Grain Blend,58,"Detachment at Right Foot, Partial 5th Ray, Open Approach",09/08/2021
Langers - Cranberry Cocktail,69,"Excision of Thorax Lymphatic, Open Approach, Diagnostic",31/01/2022
Table Cloth 62x120 White,12,"Supplement R Colic Art with Synth Sub, Perc Endo Approach",12/02/2021
Sandwich Wrap,85,"Insert of Infusion Dev into Vagina & Cul-de-sac, Via Opening",18/10/2021
Sauce - Vodka Blush,79,"Fusion of R Finger Phalanx Jt with Ext Fix, Perc Approach",16/04/2021
Oyster - In Shell,63,"Remove Infusion Dev from L Sacroiliac Jt, Perc Endo",09/12/2021
"Pepper - White, Ground",37,"Head and Facial Bones, Excision",28/12/2021
Wine - Black Tower Qr,82,"Repair Right Posterior Tibial Artery, Perc Endo Approach",15/09/2021
"Marsala - Sperone, Fine, D.o.c.",50,"Removal of Infusion Device from Urethra, Perc Endo Approach",31/07/2021
Bread - Hamburger Buns,98,"Repair Chest Wall, Percutaneous Endoscopic Approach",21/07/2021
Extract - Almond,9,"Drainage of R Low Lung Lobe with Drain Dev, Open Approach",12/08/2021
Macaroons - Homestyle Two Bit,45,"Bypass Com Bile Duct to Stomach w Intralum Dev, Open",31/10/2021
"Veal - Tenderloin, Untrimmed",41,"Drainage of Bladder Neck with Drainage Device, Endo",06/03/2021
Bar Mix - Lemon,77,"Bypass Duodenum to Jejunum with Synth Sub, Open Approach",02/04/2021
Island Oasis - Lemonade,90,"Repair Left Neck Muscle, Percutaneous Approach",29/12/2021
Beets - Pickled,60,Removal of Bandage on Left Upper Arm,19/06/2021
Wine - Cotes Du Rhone,66,"Transplantation of Right Lung, Syngeneic, Open Approach",01/09/2021
Flour - Masa De Harina Mexican,51,Plain Radiography of R Parotid Gland using L Osm Contrast,06/11/2021
Cheese - Feta,94,Tomo Nucl Med Imag of Abd using Iodine 123,08/09/2021
Roe - White Fish,71,"Removal of Spacer from Left Knee Joint, Perc Approach",19/03/2021
Pie Pecan,45,"Replace L Up Arm Subcu/Fascia w Autol Sub, Open",25/07/2021
V8 Splash Strawberry Banana,67,"Drainage of Right Lower Lung Lobe, Perc Endo Approach, Diagn",18/03/2021
Tomato Paste,38,"Fusion >7 T Jt w Synth Sub, Post Appr A Col, Perc Endo",18/02/2021
Bread - Bistro Sour,94,"Drainage of Left Hand Muscle, Perc Endo Approach, Diagn",13/03/2021
Yucca,70,"Removal of Synth Sub from Up Muscle, Perc Endo Approach",18/08/2021
Tea - Vanilla Chai,22,"Drainage of Chest Wall with Drain Dev, Perc Endo Approach",10/02/2022
Ham - Cooked,37,"Reattachment of Right External Ear, External Approach",12/09/2021
Wine - Pinot Grigio Collavini,75,"Supplement Right Upper Leg with Autol Sub, Open Approach",05/05/2021
"Wine - Magnotta - Red, Baco",84,"Drainage of Penis with Drainage Device, Perc Endo Approach",25/04/2021
Jack Daniels,99,"Alteration of Male Perineum with Nonaut Sub, Perc Approach",15/10/2021
"Veal - Round, Eye Of",21,"Drainage of Basal Ganglia with Drain Dev, Open Approach",25/01/2022
Apricots - Halves,93,"Bypass Cystic Duct to Cystic Duct, Perc Endo Approach",29/04/2021
Bar - Sweet And Salty Chocolate,6,"Drainage of Right Frontal Sinus, Perc Endo Approach, Diagn",04/09/2021
Pork - Back Ribs,32,"Introduce Monoclonal Antibody in Bone Marrow, Perc",16/07/2021
Hot Chocolate - Individual,60,Home Management Treatment using Assist Equipment,04/02/2022
Bread - Onion Focaccia,58,"Extirpation of Matter from Left Atrium, Perc Endo Approach",11/09/2021
Swiss Chard - Red,13,"Supplement Thor Aorta Desc w Zooplastic, Perc Endo",27/06/2021
Pastry - Carrot Muffin - Mini,59,"Extirpation of Matter from R Up Arm Tendon, Perc Approach",09/02/2022
Bread - Kimel Stick Poly,14,"Extirpation of Matter from L Occipital Bone, Open Approach",18/08/2021
Coriander - Ground,40,"Transfer Facial Nerve to Optic Nerve, Open Approach",09/09/2021
Hand Towel,51,"Excision of Lumbar Vertebral Joint, Perc Approach, Diagn",23/06/2021
Nori Sea Weed - Gold Label,70,Visual Motor Integrat Trmt w Biosensory Feedback Equip,14/02/2021
"Fish - Soup Base, Bouillon",31,"Fragmentation in Bladder, Percutaneous Endoscopic Approach",29/12/2021
Scallops - In Shell,47,Change Pressure Dressing on Left Finger,18/04/2021
Wine - Periguita Fonseca,1,"Release Right Internal Carotid Artery, Open Approach",26/10/2021
Pie Filling - Pumpkin,95,"Dilation of L Ext Carotid, Bifurc, Open Approach",16/03/2021
Lettuce - Arugula,13,"Drainage of Hard Palate, Open Approach, Diagnostic",11/08/2021
Banana Turning,39,"Drainage of Right Lower Lung Lobe, Open Approach",19/11/2021
Sole - Fillet,78,"Restrict Descend Colon w Intralum Dev, Perc Endo",05/01/2022
Butter - Salted,93,"Replacement of Lesser Omentum with Autol Sub, Open Approach",03/06/2021
Bread Crumbs - Japanese Style,58,"Drain of Oculomotor Nrv with Drain Dev, Perc Endo Approach",31/05/2021
Table Cloth 90x90 Colour,55,"Extirpation of Matter from Back Subcu/Fascia, Open Approach",08/12/2021
Cattail Hearts,29,"Pure Tone Audio, Air Assess w Occupational Hear Equip",21/05/2021
Bread Base - Toscano,78,"Excision of Thor Aorta Desc, Perc Endo Approach, Diagn",16/10/2021
Lettuce - Lambs Mash,31,Ultrasonography of Bilateral Fallopian Tubes,13/05/2021
Wine - Magnotta - Pinot Gris Sr,18,"Insertion of Infusion Device into Cranial Cav, Open Approach",07/09/2021
Compound - Rum,41,"Removal of Infusion Device from Mediastinum, Perc Approach",22/03/2021
Sage - Fresh,45,"Release Right Radius, Open Approach",26/07/2021
"Soup - Campbells, Minestrone",42,"Reposition Perineum Tendon, Percutaneous Endoscopic Approach",23/09/2021
"Wine - White, Schroder And Schyl",49,Fluoroscopy of Inferior Vena Cava,10/09/2021
Veal - Eye Of Round,61,"Transfer Vagus Nerve to Optic Nerve, Open Approach",15/09/2021
The Pop Shoppe - Lime Rickey,76,"Dilate Sup Mesent Art, Bifurc, w Drug-elut Intra, Perc",24/12/2021
Lettuce - Green Leaf,15,"Replace of Inf Vena Cava with Autol Sub, Perc Endo Approach",03/09/2021
Appetizer - Escargot Puff,88,"Destruction of Right Lacrimal Bone, Open Approach",11/01/2022
Black Currants,2,"Revision of Autol Sub in Cervcal Vertebra, Perc Approach",21/05/2021
Kellogs Special K Cereal,85,"Repair Left Carotid Body, Percutaneous Endoscopic Approach",20/08/2021
Calypso - Pineapple Passion,93,"CT Scan Sella Tur/Pituitary w H Osm Contrast, Unenh, Enhance",04/10/2021
"Jam - Raspberry,jar",94,Integumentary Integrity Assessment of Integu Up Back/UE,06/05/2021
Silicone Paper 16.5x24,58,"Restrict of L Int Carotid with Intralum Dev, Perc Approach",22/12/2021
Wine - Penfolds Koonuga Hill,80,"Excision of Right Thyroid Gland Lobe, Perc Approach, Diagn",16/01/2022
"Chicken - Breast, 5 - 7 Oz",75,"Insert of Ring Ext Fix into R Humeral Shaft, Open Approach",01/08/2021
Pomello,56,"Release Hymen, Open Approach",28/04/2021
"Wine - Red, Pelee Island Merlot",76,"Insertion of Infusion Dev into L Hip Jt, Perc Endo Approach",26/09/2021
Spice - Greek 1 Step,27,"Revision of Nonaut Sub in Thor Vertebra, Perc Approach",02/02/2022
Turnip - Mini,31,"Extirpation of Matter from R Glenoid Cav, Perc Approach",12/11/2021
Beef - Tender Tips,66,"Drainage of Right Upper Femur, Perc Endo Approach",08/10/2021
Lettuce - Radicchio,95,"Occlusion of Intracran Art with Intralum Dev, Open Approach",02/09/2021
